id,title,average_rating,budget,worldwide_gross,runtime
0,The Shawshank Redemption,9.3,25000000.0,29332133.0,142
1,Attack on Titan the Movie: The Last Attack,9.3,19000000.0,3513659.0,145
2,The Godfather,9.2,6000000.0,250342198.0,175
3,Hababam Sinifi,9.2,19000000.0,6130561.0,85
4,Ramayana: The Legend of Prince Rama,9.2,19000000.0,6130561.0,135
5,The Silence of Swastika,9.1,19000000.0,6130561.0,56
6,Maya Bazaar,9.1,19000000.0,6130561.0,192
7,The Dark Knight,9.0,185000000.0,1009053678.0,152
8,Schindler's List,9.0,22000000.0,322161245.0,195
9,12 Angry Men,9.0,350000.0,2945.0,96
10,The Godfather: Part II,9.0,13000000.0,47964222.0,202
11,The Lord of the Rings: The Return of the King,9.0,94000000.0,1138263151.0,201
12,Sandesham,9.0,19000000.0,6130561.0,138
13,Oggatonama,9.0,19000000.0,6130561.0,100
14,The Lord of the Rings: The Fellowship of the Ring,8.9,93000000.0,888159923.0,178
15,Pulp Fiction,8.9,8000000.0,213928762.0,154
16,I'm Still Here,8.9,8000000.0,6600000.0,136
17,O.J.: Made in America,8.9,19000000.0,6130561.0,467
18,The Message,8.9,19000000.0,6130561.0,207
19,Tosun Pasa,8.9,19000000.0,6130561.0,90
20,Mirror Game,8.9,35000000.0,6130561.0,147
21,Hababam Sinifi: Sinifta Kaldi,8.9,19000000.0,6130561.0,95
22,Kireedam,8.9,19000000.0,181001.0,124
23,Inception,8.8,160000000.0,839030630.0,148
24,Fight Club,8.8,63000000.0,101321009.0,139
25,Forrest Gump,8.8,55000000.0,678226465.0,142
26,12th Fail,8.8,19000000.0,138288.0,147
27,"Il Buono, Il Brutto, Il Cattivo",8.8,1200000.0,25264999.0,161
28,The Lord of the Rings: The Two Towers,8.8,94000000.0,938242927.0,179
29,The Phantom of the Opera at the Royal Albert Hall,8.8,19000000.0,5247282.0,137
30,Demon Slayer: Tsuzumi Mansion Arc,8.8,19000000.0,67358.0,87
31,Les Misérables in Concert: The 25th Anniversary,8.8,19000000.0,742004.0,178
32,The Human Condition III: A Soldier's Prayer,8.8,19000000.0,6130561.0,190
33,#Home,8.8,19000000.0,6130561.0,158
34,Balkanski spijun,8.8,19000000.0,6130561.0,95
35,Maratonci trce pocasni krug,8.8,19000000.0,6130561.0,92
36,The Last Farmer,8.8,19000000.0,5800.0,122
37,Natsamrat,8.8,19000000.0,633.0,166
38,Süt Kardesler,8.8,19000000.0,6130561.0,80
39,C/O Kancharapalem,8.8,19000000.0,6130561.0,152
40,Monpura,8.8,19000000.0,6130561.0,136
41,Nadodikkattu,8.8,19000000.0,6130561.0,158
42,Aparajito,8.8,19000000.0,18068.0,138
43,Nuvvu Naaku Nachchav,8.8,19000000.0,6130561.0,184
44,Interstellar,8.7,165000000.0,732055745.0,169
45,GoodFellas,8.7,25000000.0,47054352.0,145
46,The Matrix,8.7,63000000.0,467840449.0,136
47,One Flew Over the Cuckoo's Nest,8.7,3000000.0,109115366.0,133
48,Star Wars: Episode V - The Empire Strikes Back,8.7,18000000.0,550016086.0,124
49,Jai Bhim,8.7,19000000.0,6130561.0,164
50,Kill Bill: The Whole Bloody Affair,8.7,19000000.0,6130561.0,247
51,Stop Making Sense,8.7,1200000.0,13001597.0,88
52,Sabari,8.7,19000000.0,6130561.0,129
53,Kalinga,8.7,19000000.0,3914.0,116
54,Soorarai Pottru,8.7,150000000.0,6130561.0,153
55,Shoah,8.7,19000000.0,20175.0,566
56,777 Charlie,8.7,19000000.0,7523995.0,136
57,Toma,8.7,19000000.0,3256411.0,140
58,Nayakan,8.7,10000000.0,6130561.0,156
59,Rocketry: The Nambi Effect,8.7,600000000.0,398615.0,157
60,Daman,8.7,25000000.0,6130561.0,121
61,Manichitrathazhu,8.7,19000000.0,82307.0,169
62,Peranbu,8.7,70000000.0,3417.0,147
63,Saban Oglu Saban,8.7,19000000.0,6130561.0,90
64,Ko to Tamo Peva?,8.7,19000000.0,6130561.0,86
65,Pariyerum Perumal,8.7,19000000.0,6130561.0,154
66,Thevar Magan,8.7,19000000.0,6130561.0,145
67,Kimetsu No Yaiba: Natagumo Yama Hen,8.7,19000000.0,301723.0,138
68,Devasuram,8.7,19000000.0,6130561.0,187
69,Kibar Feyzo,8.7,19000000.0,6130561.0,83
70,Zügürt Aga,8.7,19000000.0,6130561.0,101
71,Neseli Günler,8.7,19000000.0,6130561.0,95
72,Hababam Sinifi: Uyaniyor,8.7,19000000.0,6130561.0,94
73,Oru Vadakkan Veeragatha,8.7,9800000.0,6130561.0,168
74,Se7en,8.6,33000000.0,327333559.0,127
75,The Silence of the Lambs,8.6,19000000.0,272742922.0,118
76,It's a Wonderful Life,8.6,3180000.0,9767242.0,130
77,Spider-man: Across the Spider-verse,8.6,150000000.0,690824738.0,140
78,Saving Private Ryan,8.6,70000000.0,482351251.0,169
79,The Green Mile,8.6,60000000.0,286801374.0,189
80,City of God,8.6,3300000.0,30680793.0,130
81,Terminator 2: Judgment Day,8.6,102000000.0,517778573.0,137
82,Star Wars: Episode IV - A New Hope,8.6,11000000.0,775398507.0,121
83,Spirited Away,8.6,19000000.0,358110581.0,124
84,Life Is Beautiful,8.6,20000000.0,230099013.0,116
85,Shichinin No Samurai,8.6,125000000.0,1063061.0,207
86,Seppuku,8.6,19000000.0,15222.0,133
87,The Kashmir Files,8.6,200000000.0,24821898.0,170
88,Earthlings,8.6,19000000.0,6130561.0,95
89,A Dog's Will,8.6,19000000.0,6281890.0,104
90,Kaiva,8.6,19000000.0,6130561.0,138
91,The Legend of Maula Jatt,8.6,700000000.0,13941539.0,153
92,Pretty village pretty flame,8.6,19000000.0,211.0,115
93,Anbe Sivam,8.6,19000000.0,6130561.0,160
94,Lajanje na zvezde,8.6,19000000.0,6130561.0,95
95,Pink Floyd: Live at Pompeii,8.6,19000000.0,6130561.0,92
96,Thoovanathumbikal,8.6,19000000.0,6130561.0,151
97,Spadikam,8.6,19000000.0,62313.0,150
98,Human,8.6,19000000.0,80410.0,263
99,Canim Kardesim,8.6,19000000.0,6130561.0,86
100,A tanú,8.6,19000000.0,6130561.0,105
101,Hababam Sinifi: Tatilde,8.6,19000000.0,6130561.0,97
102,Chithram,8.6,19000000.0,6130561.0,159
103,Poove Unakkaga,8.6,19000000.0,6130561.0,150
104,Gladiator,8.5,103000000.0,465516248.0,155
105,Dune: Part Two,8.5,190000000.0,714444358.0,166
106,Alien,8.5,11000000.0,108610218.0,117
107,Amaran,8.5,19000000.0,1717804.0,167
108,Django Unchained,8.5,100000000.0,426076293.0,165
109,Parasite,8.5,11400000.0,262129969.0,132
110,Whiplash,8.5,3300000.0,50360880.0,106
111,The Departed,8.5,90000000.0,291481358.0,151
112,Léon,8.5,16000000.0,20278356.0,110
113,The Prestige,8.5,40000000.0,109676311.0,130
114,Back to the Future,8.5,19000000.0,384577472.0,116
115,Psycho,8.5,806947.0,32066765.0,109
116,The Lion King,8.5,45000000.0,981708285.0,88
117,American History X,8.5,20000000.0,23875714.0,119
118,The Usual Suspects,8.5,6000000.0,23341568.0,106
119,The Pianist,8.5,35000000.0,120098945.0,150
120,Intouchables,8.5,9500000.0,426590315.0,112
121,Maharaja,8.5,19000000.0,975543.0,141
122,Grave of the Fireflies,8.5,3700000.0,801143.0,88
123,Casablanca,8.5,950000.0,4720495.0,102
124,C'era Una Volta Il West,8.5,5000000.0,5435312.0,166
125,Cinema Paradiso,8.5,5000000.0,13020497.0,174
126,Rear Window,8.5,1000000.0,37043820.0,112
127,Modern Times,8.5,1500000.0,463618.0,87
128,Dear Zachary: A Letter to a Son About His Father,8.5,19000000.0,18334.0,93
129,City Lights,8.5,1500000.0,55154.0,87
130,Senna,8.5,19000000.0,10197661.0,106
131,20 Days in Mariupol,8.5,19000000.0,34703.0,95
132,Baraka,8.5,2000000.0,1346497.0,96
133,Sita Ramam,8.5,3000000.0,2208029.0,163
134,Woman in the Dunes,8.5,19000000.0,6130561.0,147
135,96,8.5,19000000.0,616333.0,158
136,La meglio gioventù,8.5,19000000.0,2799773.0,374
137,The Fifth Seal,8.5,19000000.0,6130561.0,111
138,Intoxicated by Love,8.5,19000000.0,6130561.0,118
139,The Hole,8.5,19000000.0,34588.0,131
140,Ningen no jôken,8.5,19000000.0,6130561.0,208
141,Kumbalangi Nights,8.5,19000000.0,1312005.0,135
142,For Sama,8.5,19000000.0,1397546.0,100
143,Jersey,8.5,19000000.0,204669.0,157
144,Sarpatta Parambarai,8.5,19000000.0,6130561.0,173
146,Michael Madana Kama Rajan,8.5,19000000.0,6130561.0,162
147,Aaranya Kaandam,8.5,19000000.0,70000000.0,126
148,Madar,8.5,19000000.0,6130561.0,108
149,Gol Maal,8.5,19000000.0,6130561.0,144
150,Varljivo leto '68,8.5,19000000.0,6130561.0,91
151,Home,8.5,19000000.0,1857172.0,118
152,Zübük,8.5,19000000.0,6130561.0,88
153,Thalapathi,8.5,19000000.0,106000000.0,157
154,Çöpçüler Krali,8.5,19000000.0,6130561.0,80
155,Selvi Boylum Al Yazmalim,8.5,19000000.0,45123.0,90
156,Sachin,8.5,19000000.0,288557.0,138
157,Roger Waters: The Wall,8.5,19000000.0,2214417.0,132
158,Graves End,8.5,1930000.0,6130561.0,90
159,Methagu,8.5,5000000.0,1577.0,100
160,BTS: Permission to Dance on Stage - LA,8.5,19000000.0,6130561.0,130
161,Inglourious Basterds,8.4,70000000.0,321460456.0,153
162,Joker,8.4,55000000.0,1078958629.0,122
163,The Dark Knight Rises,8.4,250000000.0,1114975066.0,164
164,Avengers: Endgame,8.4,356000000.0,2799439100.0,181
165,The Shining,8.4,19000000.0,47959450.0,146
166,Alien 2,8.4,18500000.0,131060248.0,137
167,Apocalypse Now,8.4,31500000.0,105090566.0,147
168,Memento,8.4,9000000.0,40047236.0,113
169,Raiders of the Lost Ark,8.4,18000000.0,389925971.0,115
170,Avengers: Infinity War,8.4,321000000.0,2052415039.0,149
171,Meiyazhagan,8.4,19000000.0,393589.0,177
172,Coco,8.4,175000000.0,814641172.0,105
173,Spider-Man: Into the Spider-Verse,8.4,90000000.0,393602435.0,117
174,Das Leben der Anderen,8.4,2000000.0,77672685.0,137
175,WALL·E,8.4,180000000.0,527403656.0,98
176,Amadeus,8.4,18000000.0,52075942.0,160
177,Kimi No Na Wa.,8.4,370000000.0,405340703.0,106
178,Sunset Blvd.,8.4,1752000.0,308663.0,110
179,Capharnaüm,8.4,4000000.0,64417003.0,126
180,Das Boot,8.4,32000000.0,11488778.0,149
181,Laapataa Ladies,8.4,19000000.0,108886.0,122
182,3 Idiots,8.4,550000000.0,60262836.0,170
183,Paths of Glory,8.4,935000.0,8290.0,88
184,Witness for the Prosecution,8.4,3000000.0,7903.0,116
185,The Great Dictator,8.4,2000000.0,972212.0,125
186,Tengoku to Jigoku,8.4,230000000.0,53170.0,143
187,Samsara,8.4,4000000.0,4426444.0,102
188,The Salt of the Earth,8.4,19000000.0,5412466.0,110
189,The Cove,8.4,19000000.0,1187434.0,92
190,Kaithi,8.4,240000000.0,522938.0,145
191,Flåklypa Grand Prix,8.4,19000000.0,6130561.0,88
192,Vada Chennai,8.4,19000000.0,472865.0,164
193,Sansho the Bailiff,8.4,19000000.0,5267.0,124
194,Asuran,8.4,600000000.0,379728.0,141
195,Drishyam 2,8.4,19000000.0,3841.0,152
196,Lizard,8.4,19000000.0,6130561.0,115
197,Attack on Titan: Chronicle,8.4,19000000.0,42908.0,122
198,Kad porastem bicu Kengur,8.4,19000000.0,13793.0,92
199,Filantropica,8.4,19000000.0,20795.0,110
200,Black Friday,8.4,19000000.0,1610897.0,143
201,Thani Oruvan,8.4,200000000.0,6130561.0,160
202,Apur Sansar,8.4,19000000.0,134241.0,105
203,Sigur Rós: Heima,8.4,19000000.0,36229.0,97
204,Mahanati,8.4,3650000.0,279078.0,177
205,Profesionalac,8.4,19000000.0,6130561.0,104
206,Visaaranai,8.4,19000000.0,1943.0,117
207,Taylor Swift: Folklore - The Long Pond Studio Sessions,8.4,19000000.0,6130561.0,105
208,Muhsin Bey,8.4,19000000.0,6130561.0,119
209,Pawankhind,8.4,19000000.0,4260686.0,153
210,Mudhalvan,8.4,19000000.0,500000000.0,169
211,Operatsiya 'Y' i drugie priklyucheniya Shurika,8.4,19000000.0,19314000.0,95
212,Virumandi,8.4,19000000.0,476950000.0,175
213,Gülen Gözler,8.4,19000000.0,6130561.0,97
214,The Last Crusade,8.4,33000000.0,6130561.0,203
215,Papanasam,8.4,19000000.0,586973.0,179
216,Pudhu Pettai,8.4,19000000.0,4652.0,168
217,Mandela,8.4,50000000.0,6130561.0,140
218,Kapicilar Krali,8.4,19000000.0,6130561.0,84
219,Ulidavaru Kandanthe,8.4,21000000.0,6130561.0,154
220,Iruvar,8.4,19000000.0,6130561.0,140
221,Kannathil Muthamittal,8.4,19000000.0,6130561.0,136
222,Bizim Aile,8.4,19000000.0,6130561.0,92
223,The Wild Robot,8.3,78000000.0,318387315.0,102
224,Oppenheimer,8.3,100000000.0,975594978.0,180
225,Good Will Hunting,8.3,10000000.0,225933435.0,126
226,Eternal Sunshine of the Spotless Mind,8.3,20000000.0,73395181.0,108
227,Requiem for a Dream,8.3,4500000.0,7390108.0,102
228,American Beauty,8.3,15000000.0,356296601.0,122
229,Heat,8.3,60000000.0,187436818.0,170
230,The Remarkable Life of Ibelin,8.3,19000000.0,1303564.0,106
231,Oldeuboi,8.3,3000000.0,17592355.0,101
232,Braveheart,8.3,72000000.0,213216216.0,178
233,Scarface,8.3,50000000.0,66443303.0,170
234,Jagten,8.3,20000000.0,15886373.0,115
235,2001: A Space Odyssey,8.3,12000000.0,66764997.0,149
236,Once Upon a Time in America,8.3,30000000.0,5475540.0,229
237,Reservoir Dogs,8.3,1200000.0,2931191.0,99
238,Toy Story,8.3,30000000.0,394436586.0,81
239,Incendies,8.3,6800000.0,6797861.0,131
240,Hamilton,8.3,19000000.0,6130561.0,160
241,Idi I Smotri,8.3,19000000.0,20929648.0,142
242,Dr. Strangelove or: How I Learned to Stop Worrying and Love the Bomb,8.3,1800000.0,9631984.0,95
243,Le fabuleux destin d'Amélie Poulain,8.3,10000000.0,175183052.0,122
244,Lawrence of Arabia,8.3,15000000.0,45763719.0,227
245,Up,8.3,175000000.0,735102136.0,96
246,Star Wars: Episode VI - Return of the Jedi,8.3,32500000.0,482466382.0,131
247,Mononoke-hime,8.3,2400000000.0,170338626.0,133
248,Double Indemnity,8.3,927262.0,19543.0,107
249,North by Northwest,8.3,3101000.0,192323.0,136
250,Toy Story 3,8.3,200000000.0,1067316101.0,103
251,Metropolis,8.3,6000000.0,1350322.0,153
252,Citizen Kane,8.3,839727.0,1707754.0,119
253,Vertigo,8.3,2479000.0,7808900.0,128
254,To Kill a Mockingbird,8.3,2000000.0,599934.0,129
255,The Apartment,8.3,3000000.0,18778738.0,125
256,Singin' in the Rain,8.3,2540800.0,2093275.0,103
257,The Sting,8.3,5500000.0,156000000.0,129
258,Jodaeiye Nader Az Simin,8.3,500000.0,22926076.0,123
259,Dangal,8.3,700000000.0,303726782.0,161
260,M - Eine Stadt sucht einen Mörder,8.3,19000000.0,35566.0,117
261,Ikiru,8.3,19000000.0,111762.0,143
262,Judgment at Nuremberg,8.3,3000000.0,12180.0,179
263,Taare Zameen Par,8.3,19000000.0,21897373.0,162
264,Voyna i mir,8.3,8000000.0,149485.0,393
265,Ladri Di Biciclette,8.3,133000.0,451336.0,89
266,Shershaah,8.3,19000000.0,6130561.0,135
267,Vikram,8.3,1500000000.0,29837637.0,175
268,Sardar Udham,8.3,19000000.0,6130561.0,164
269,Man with a Movie Camera,8.3,19000000.0,3959.0,68
270,Chhichhore,8.3,19000000.0,3311391.0,143
271,Violet Evergarden: The Movie,8.3,19000000.0,20302668.0,140
272,The Rescue,8.3,19000000.0,1060556.0,107
273,Ratsasan,8.3,19000000.0,6130561.0,146
274,Dil Bechara,8.3,19000000.0,45171.0,101
275,Viduthalai Part 1,8.3,19000000.0,5880.0,150
276,To Live,8.3,19000000.0,2332728.0,133
277,Akahige,8.3,19000000.0,47741.0,185
278,Drishyam,8.3,35000000.0,13076265.0,160
279,Children of Paradise,8.3,19000000.0,44906.0,189
280,Scener ur ett äktenskap,8.3,19000000.0,250.0,169
281,Hoop Dreams,8.3,700000.0,11830611.0,170
282,Letyat zhuravli,8.3,19000000.0,32549.0,95
283,The Look of Silence,8.3,19000000.0,157857.0,103
284,Jana Gana Mana,8.3,100000000.0,3135150.0,162
285,Premam,8.3,19000000.0,600000000.0,156
286,2018,8.3,300000000.0,4547765.0,150
287,Jôi-uchi: Hairyô tsuma shimatsu,8.3,19000000.0,6130561.0,128
288,Won't You Be My Neighbor?,8.3,19000000.0,22844741.0,95
289,Brilliantovaya ruka,8.3,19000000.0,2266.0,94
290,Bangalore Days,8.3,19000000.0,180217.0,171
291,Satya,8.3,19000000.0,6130561.0,170
292,Uçurtmayi Vurmasinlar,8.3,19000000.0,6130561.0,85
293,Nayak,8.3,19000000.0,6130561.0,117
294,"Kavkazskaya Plennitsa, Ili Novye Priklyucheniya Shurika",8.3,25313.0,6130561.0,82
295,Winter on Fire: Ukraine's Fight for Freedom,8.3,19000000.0,6130561.0,102
296,Maheshinte Prathikaram,8.3,19000000.0,22361.0,120
297,Mahanagar,8.3,19000000.0,6130561.0,131
298,Mrtav 'ladan,8.3,19000000.0,6130561.0,90
299,Gekijôban Shingeki no Kyojin Season 2: Kakusei no hôkô,8.3,19000000.0,107155.0,120
300,Anniyan,8.3,280000000.0,6130561.0,183
301,Vuk,8.3,19000000.0,6130561.0,79
302,Agent Sai Srinivasa Athreya,8.3,20000.0,4454.0,148
303,Sairat,8.3,19000000.0,6130561.0,174
304,Dzhentlmeny udachi,8.3,19000000.0,10560943.0,88
305,Baasha,8.3,19000000.0,250000000.0,145
306,Pithamagan,8.3,80000000.0,6130561.0,139
307,Jaane Bhi Do Yaaro,8.3,19000000.0,6130561.0,132
308,Khuda Kay Liye,8.3,19000000.0,2432378.0,168
309,Angoor,8.3,19000000.0,6130561.0,131
310,Kaakkaa Muttai,8.3,19000000.0,246551.0,109
311,Soodhu Kavvum,8.3,70000000.0,6130561.0,135
312,Kaun Pravin Tambe?,8.3,19000000.0,6130561.0,134
313,Pyaasa,8.3,19000000.0,6130561.0,146
314,Guide,8.3,19000000.0,6130561.0,183
315,Lucia,8.3,5100000.0,6130561.0,135
316,Mi nismo andjeli,8.3,19000000.0,6130561.0,98
317,Chupke Chupke,8.3,991000.0,6130561.0,146
318,Köyden Indim Sehire,8.3,19000000.0,6130561.0,91
319,Iron Maiden: Flight 666,8.3,19000000.0,233193.0,112
320,Pranchiyettan and the Saint,8.3,19000000.0,957.0,140
321,Macskafogó,8.3,19000000.0,14937.0,96
322,Aruvi,8.3,400000.0,6130561.0,130
323,Alai Payuthey,8.3,19000000.0,350000000.0,156
324,Pathemari,8.3,19000000.0,6130561.0,118
325,Thulladha Manamum Thullum,8.3,19000000.0,6130561.0,170
326,Aloko Udapadi,8.3,130000000.0,6130561.0,113
327,Wicked,8.2,150000000.0,194926510.0,160
328,Anora,8.2,19000000.0,22232841.0,139
329,The Wolf of Wall Street,8.2,100000000.0,407039432.0,180
330,Top Gun: Maverick,8.2,170000000.0,1495696292.0,130
331,No Country for Old Men,8.2,25000000.0,171632777.0,122
332,Die Hard,8.2,28000000.0,143651650.0,132
333,Spider-Man: No Way Home,8.2,200000000.0,1952723719.0,148
334,Jurassic Park,8.2,63000000.0,1104379926.0,127
335,Batman Begins,8.2,150000000.0,375404836.0,140
336,Prisoners,8.2,46000000.0,122127446.0,153
337,Shutter Island,8.2,80000000.0,294946413.0,138
338,Taxi Driver,8.2,1300000.0,28580445.0,114
339,The Truman Show,8.2,60000000.0,264118712.0,103
340,The Thing,8.2,15000000.0,20630135.0,109
341,1917,8.2,95000000.0,446064352.0,119
342,Unforgiven,8.2,14400000.0,159167799.0,130
343,Kishkkindha Kandam,8.2,19000000.0,1882951.0,133
344,The Sixth Sense,8.2,40000000.0,672806432.0,107
345,Green Book,8.2,23000000.0,321752656.0,130
346,Snatch,8.2,6000000.0,83557872.0,104
347,Klaus,8.2,40000000.0,6130561.0,96
348,A Clockwork Orange,8.2,2200000.0,27034174.0,136
349,There Will Be Blood,8.2,25000000.0,76186873.0,158
350,Full Metal Jacket,8.2,30000000.0,50193748.0,116
351,Casino,8.2,52000000.0,116112375.0,178
352,A Beautiful Mind,8.2,58000000.0,316791257.0,135
353,Kill Bill: Vol. 1,8.2,30000000.0,180908413.0,111
354,El Laberinto Del Fauno,8.2,19000000.0,83863565.0,118
355,Howl's Moving Castle,8.2,24000000.0,240589632.0,119
356,Tumbbad,8.2,19000000.0,1691980.0,108
357,L.A. Confidential,8.2,35000000.0,126216940.0,138
358,Finding Nemo,8.2,94000000.0,941637960.0,100
359,Indiana Jones and the Last Crusade,8.2,48000000.0,474171806.0,127
360,Der Untergang,8.2,13500000.0,92181574.0,156
361,Gone with the Wind,8.2,3977000.0,402382193.0,238
362,El Secreto De Sus Ojos,8.2,2000000.0,35079650.0,129
363,The Father,8.2,6000000.0,24048935.0,97
364,Monty Python and the Holy Grail,8.2,229575.0,2817496.0,91
365,Some Like It Hot,8.2,2883848.0,208457.0,121
366,The Great Escape,8.2,4000000.0,230637.0,172
367,The Elephant Man,8.2,5000000.0,26028672.0,124
368,Ran,8.2,11500000.0,4172381.0,160
369,Per qualche dollaro in più,8.2,600000.0,15000000.0,132
370,All About Eve,8.2,1400000.0,154501.0,138
371,Dial M for Murder,8.2,1400000.0,45313.0,105
372,Demon Slayer: Mugen Train,8.2,15000000.0,473230408.0,117
373,Rashōmon,8.2,250000.0,133998.0,88
374,Hi Nanna,8.2,19000000.0,210780.0,155
375,The Act of Killing,8.2,1000000.0,726324.0,117
376,Manjummel Boys,8.2,19000000.0,3784106.0,135
377,A Man in the Crowd,8.2,19000000.0,6130561.0,126
378,Inside Job,8.2,2000000.0,7871522.0,109
380,Bacheha-Ye Aseman,8.2,180000.0,933933.0,89
381,The Treasure of the Sierra Madre,8.2,3000000.0,5014000.0,126
382,Yojimbo,8.2,19000000.0,66290.0,110
384,Yedinci Kogustaki Mucize,8.2,19000000.0,17163660.0,132
385,K.G.F: Chapter 2,8.2,1000000000.0,89123940.0,166
386,Andhadhun,8.2,4500000.0,62475342.0,139
387,Koyaanisqatsi,8.2,19000000.0,1728124.0,86
388,A Man Escaped,8.2,19000000.0,6130561.0,101
389,Sátántangó,8.2,19000000.0,6130561.0,439
390,Bhaag Milkha Bhaag,8.2,410000000.0,17551296.0,186
391,Napoléon vu par Abel Gance,8.2,20000000.0,39448.0,330
392,The Kid,8.2,250000.0,41979.0,68
393,They Shall Not Grow Old,8.2,19000000.0,21656913.0,99
394,A Brighter Summer Day,8.2,19000000.0,117372.0,237
395,Look on the Internet,8.2,19000000.0,6130561.0,98
396,Paris Is Burning,8.2,500000.0,3906006.0,78
397,Rocco and His Brothers,8.2,19000000.0,11328.0,179
398,Uri: The Surgical Strike,8.2,450000000.0,39346577.0,138
399,K.G.F: Chapter 1,8.2,800000000.0,6421597.0,154
400,Kantara,8.2,2000000.0,2406221.0,148
401,Hera Pheri,8.2,19000000.0,6130561.0,156
402,Ayla: The Daughter of War,8.2,19000000.0,946947.0,125
403,Searching for Sugar Man,8.2,19000000.0,9380362.0,86
404,Lion of the Desert,8.2,35000000.0,6130561.0,173
405,Gangs of Wasseypur,8.2,184000000.0,4384642.0,321
406,My Father and My Son,8.2,19000000.0,18612999.0,112
407,Zindagi Na Milegi Dobara,8.2,550000000.0,5192743.0,155
408,Pather Panchali,8.2,19000000.0,135342.0,125
409,Paradise Lost: The Child Murders at Robin Hood Hills,8.2,19000000.0,6130561.0,150
410,Bãhubali 2: The Conclusion,8.2,2500000000.0,254158390.0,167
411,Dersu Uzala,8.2,4000000.0,14480.0,142
412,Super Deluxe,8.2,19000000.0,273191.0,176
413,Sherlock Jr.,8.2,19000000.0,399.0,45
414,Hope,8.2,19000000.0,6130561.0,122
415,"Swades: We, the People",8.2,19000000.0,1953889.0,210
416,13th,8.2,19000000.0,566.0,100
417,Rangasthalam,8.2,19000000.0,551820.0,170
418,Umberto D.,8.2,19000000.0,72433.0,89
419,The Ascent,8.2,19000000.0,6130561.0,111
420,Life and a Day,8.2,19000000.0,6130561.0,112
421,Dag II,8.2,2000000.0,11378898.0,135
422,Ennio,8.2,19000000.0,4333771.0,156
423,Soy Cuba,8.2,19000000.0,274098.0,141
424,Banshun,8.2,19000000.0,19681.0,110
425,The Easy Life,8.2,19000000.0,6130561.0,108
426,Vikram Vedha,8.2,150000000.0,546792.0,147
427,Los olvidados,8.2,19000000.0,134918.0,85
428,Maanaadu,8.2,19000000.0,565759.0,147
429,Rascal Does Not Dream of a Dreaming Girl,8.2,19000000.0,3060705.0,89
430,Ordet,8.2,19000000.0,6130561.0,126
431,Disclosure,8.2,19000000.0,6130561.0,108
432,In & of Itself,8.2,19000000.0,6130561.0,90
434,HyperNormalisation,8.2,19000000.0,6130561.0,166
435,Make Way for Tomorrow,8.2,19000000.0,6416.0,91
436,I Am a Fugitive from a Chain Gang,8.2,195845.0,6130561.0,92
437,Before the Flood,8.2,19000000.0,988.0,96
438,Saptha Sagaradaache Ello - Side A,8.2,19000000.0,37253.0,142
439,The Mole: Undercover in North Korea,8.2,1991181.0,6130561.0,123
440,Racing Extinction,8.2,1500000.0,6130561.0,90
441,Harlan County U.S.A.,8.2,19000000.0,6130561.0,103
442,American Utopia,8.2,19000000.0,258556.0,105
443,Theeran Adhigaaram Ondru,8.2,19000000.0,238484.0,157
444,Chithha,8.2,19000000.0,7664.0,140
445,Dhuruvangal Pathinaaru,8.2,19000000.0,6130561.0,105
446,Ballada o soldate,8.2,19000000.0,6130561.0,88
447,Shahid,8.2,1000000.0,377803.0,129
448,Sluzhebnyy roman,8.2,19000000.0,6130561.0,159
449,Bizim Için Sampiyon,8.2,19000000.0,6214362.0,130
450,Guizi lai le,8.2,19000000.0,18944.0,139
451,Jung Kook: I Am Still,8.2,19000000.0,10763217.0,90
452,Obchod na korze,8.2,19000000.0,6130561.0,128
453,Paan Singh Tomar,8.2,19000000.0,40311.0,135
454,Hearts and Minds,8.2,19000000.0,28754.0,112
455,Cep Herkülü: Naim Süleymanoglu,8.2,19000000.0,4920899.0,141
456,Uncle Tom,8.2,19000000.0,6130561.0,106
457,Khosla Ka Ghosla!,8.2,19000000.0,40194.0,135
458,Padayappa,8.2,19000000.0,440000000.0,181
459,Mathu Vadalara,8.2,19000000.0,7035.0,130
460,Mis,8.2,19000000.0,6130561.0,111
461,Vaaranam Aayiram,8.2,140000000.0,921007.0,169
462,The Art of Flight,8.2,2000000.0,158532.0,80
463,Garuda Gamana Vrishabha Vahana,8.2,10000000.0,6130561.0,151
464,Drushyam,8.2,19000000.0,200000000.0,150
465,Kadhalukku Mariyadhai,8.2,19000000.0,24849.0,165
466,The Crash Reel,8.2,19000000.0,6130561.0,108
467,Ivan Vasilevich menyaet professiyu,8.2,19000000.0,6130561.0,88
468,Cuba and the Cameraman,8.2,19000000.0,6130561.0,113
469,Jigarthanda,8.2,300000000.0,24274.0,171
470,The Conversion,8.2,60000000.0,6130561.0,134
471,Bommarillu,8.2,19000000.0,6130561.0,170
472,Pelli Choopulu,8.2,7500000.0,6130561.0,125
473,Ustad Hotel,8.2,19000000.0,2178.0,151
474,One More Time with Feeling,8.2,19000000.0,904440.0,113
475,12 stulev,8.2,19000000.0,6130561.0,153
476,V Boy Idut Odni 'stariki',8.2,500000.0,6130561.0,92
477,Ghilli,8.2,20000000.0,163961.0,160
478,LA 92,8.2,19000000.0,297.0,114
479,Pearl Jam Twenty,8.2,19000000.0,471334.0,119
480,Kshanam,8.2,11000000.0,6130561.0,110
481,The Times of Harvey Milk,8.2,19000000.0,46573.0,90
482,Nil Battey Sannata,8.2,19000000.0,6130561.0,100
483,Athadu,8.2,19000000.0,6130561.0,172
484,No End in Sight,8.2,2000000.0,1433319.0,102
485,The Union: The Business Behind Getting High,8.2,200000.0,6130561.0,104
486,Deiva Thirumagal,8.2,19000000.0,846407.0,162
487,Naduvula Konjam Pakkatha Kaanom,8.2,8000000.0,6130561.0,162
488,Kirik Party,8.2,19000000.0,12195.0,159
489,Television,8.2,36000000.0,6130561.0,106
490,Bol,8.2,19000000.0,509872.0,151
491,Foo Fighters: Back and Forth,8.2,19000000.0,172558.0,101
492,How to Train Your Dragon,8.1,165000000.0,494879860.0,98
493,The Wizard of Oz,8.1,2777000.0,25637669.0,102
494,Pirates of the Caribbean: The Curse of the Black Pearl,8.1,140000000.0,654264546.0,143
495,Harry Potter and the Deathly Hallows: Part 2,8.1,125000000.0,1342499744.0,130
496,Logan,8.1,97000000.0,619180476.0,137
497,Mad Max: Fury Road,8.1,150000000.0,380437267.0,120
498,Dead Poets Society,8.1,16400000.0,235860116.0,128
499,Blade Runner,8.1,28000000.0,41758452.0,117
145,The Tashkent Files,8.1,19000000.0,71369.0,134
379,The Bridge,8.0,19000000.0,6130561.0,103
383,Körkarlen,8.0,19000000.0,6130561.0,107
433,Dedemin Insanlari,8.0,19000000.0,6130561.0,126
