id,cast_id
0,0
0,1
0,2
0,3
0,4
0,5
0,6
0,7
0,8
0,9
0,10
0,11
0,12
0,13
0,14
0,15
0,16
0,17
1,18
1,19
1,20
1,21
1,22
1,23
1,24
1,25
1,26
1,27
1,28
1,29
1,30
1,31
2,32
2,33
2,34
2,35
2,36
2,37
2,38
2,39
2,40
2,41
2,42
2,43
2,44
2,45
2,46
2,47
2,48
2,49
3,50
3,51
3,52
3,53
3,54
3,55
3,56
3,57
3,58
3,59
3,60
3,61
3,62
3,63
3,64
3,65
3,66
3,67
4,68
4,69
4,70
4,71
4,72
4,73
4,74
4,75
4,76
4,77
4,78
4,79
4,80
4,81
4,82
4,83
4,84
4,85
5,86
6,87
6,88
6,89
6,90
6,91
6,92
6,93
6,94
6,95
6,96
6,97
6,98
6,99
6,100
6,101
6,102
6,103
6,104
7,105
7,106
7,107
7,108
7,109
7,110
7,1
7,111
7,112
7,113
7,114
7,115
7,116
7,117
7,118
7,119
7,120
7,121
8,122
8,123
8,124
8,125
8,126
8,127
8,128
8,129
8,130
8,131
8,132
8,133
8,134
8,135
8,136
8,137
8,138
8,139
9,140
9,141
9,142
9,143
9,144
9,145
9,146
9,147
9,148
9,149
9,150
9,151
9,46
9,152
9,153
9,154
9,155
9,156
10,33
10,157
10,37
10,35
10,45
10,43
10,158
10,159
10,160
10,161
10,162
10,163
10,164
10,165
10,166
10,48
10,167
10,168
11,169
11,170
11,171
11,172
11,173
11,174
11,175
11,176
11,177
11,178
11,179
11,180
11,181
11,182
11,183
11,184
11,185
11,186
12,187
12,188
12,189
12,190
12,191
12,192
12,193
12,194
12,195
12,196
12,197
12,198
12,199
12,200
12,201
12,202
12,203
12,204
13,205
13,206
13,207
13,208
13,209
13,210
13,211
13,212
13,213
13,214
13,215
13,216
13,217
13,218
13,219
13,220
13,221
13,222
14,169
14,171
14,172
14,178
14,223
14,173
14,175
14,224
14,180
14,225
14,183
14,170
14,226
14,227
14,179
14,228
14,229
14,230
15,231
15,232
15,233
15,234
15,235
15,236
15,237
15,238
15,239
15,240
15,241
15,242
15,243
15,244
15,245
15,246
15,247
15,248
16,249
16,250
16,251
16,252
16,253
16,254
16,255
16,256
16,257
16,258
16,259
16,260
16,261
16,262
16,263
16,264
16,265
16,266
17,267
17,268
17,269
17,270
17,271
17,272
17,273
17,274
17,275
17,276
17,277
17,278
17,279
17,280
17,281
17,282
17,283
17,284
18,285
18,286
18,287
18,288
18,289
18,290
18,291
18,292
18,293
18,294
18,295
18,296
18,297
18,298
18,299
18,300
18,301
18,302
19,53
19,303
19,54
19,304
19,64
19,305
19,306
19,307
19,308
19,309
19,310
19,311
19,312
19,313
19,314
19,315
19,55
19,316
20,317
20,318
20,319
20,320
20,321
20,322
20,323
20,324
20,325
20,326
20,327
20,328
20,329
20,330
20,331
20,332
20,333
20,334
21,50
21,51
21,53
21,54
21,52
21,335
21,304
21,336
21,337
21,338
21,55
21,58
21,339
21,340
21,59
21,60
21,61
21,65
22,341
22,189
22,191
22,342
22,198
22,343
22,344
22,345
22,346
22,197
22,347
22,194
22,348
22,349
22,350
22,351
23,352
23,353
23,354
23,355
23,356
23,357
23,113
23,358
23,359
23,360
23,108
23,361
23,362
23,363
23,364
23,365
23,366
23,367
24,368
24,369
24,370
24,371
24,372
24,373
24,374
24,375
24,376
24,377
24,378
24,379
24,380
24,381
24,382
24,383
24,384
24,385
25,386
25,387
25,388
25,389
25,390
25,391
25,392
25,393
25,394
25,395
25,396
25,397
25,398
25,399
25,400
25,401
25,402
25,403
26,404
26,405
26,406
26,407
26,408
26,409
26,410
26,411
26,412
26,413
26,414
26,415
26,416
26,417
26,418
26,419
26,420
26,421
27,422
27,423
27,424
27,425
27,426
27,427
27,428
27,429
27,430
27,431
27,432
27,433
27,434
27,435
27,436
27,437
27,438
27,439
28,169
28,171
28,170
28,172
28,440
28,175
28,177
28,224
28,179
28,180
28,441
28,442
28,443
28,444
28,186
28,445
28,446
28,230
29,447
29,448
29,449
29,450
29,451
29,452
29,453
29,454
29,455
29,456
29,457
29,458
29,459
29,460
29,461
29,462
29,463
29,464
31,465
31,466
31,467
31,468
31,469
31,470
31,471
31,472
31,447
31,458
31,449
31,473
31,474
31,475
31,476
31,477
31,478
31,479
32,480
32,481
32,482
32,483
32,484
32,485
32,486
32,487
32,488
32,489
32,490
32,491
32,492
32,493
32,494
32,495
32,496
32,497
33,498
33,499
33,500
33,501
33,502
33,503
33,345
33,504
33,505
33,506
33,196
33,507
33,508
33,509
33,510
33,511
33,512
33,513
34,514
34,515
34,516
34,517
34,518
34,519
34,520
34,521
34,522
34,523
34,524
34,525
34,526
34,527
34,528
34,529
34,530
34,531
35,532
35,514
35,533
35,534
35,522
35,535
35,536
35,537
35,515
35,538
35,539
35,540
35,541
35,542
35,543
35,544
35,545
35,546
36,547
36,548
36,549
36,550
36,551
37,552
37,553
37,554
37,555
37,556
37,557
37,558
37,559
37,560
37,561
37,562
37,563
37,564
37,565
37,566
37,567
38,53
38,304
38,52
38,568
38,54
38,64
38,569
38,570
38,571
38,336
38,572
38,573
38,574
38,305
38,575
38,576
38,577
38,578
39,579
39,580
39,581
39,582
39,583
39,584
39,585
39,586
39,587
39,588
39,589
39,590
39,591
39,592
39,593
39,594
39,595
39,596
40,317
40,597
40,598
40,599
40,600
40,329
40,601
40,602
40,603
40,604
40,605
40,606
40,607
40,209
40,608
40,609
40,610
40,611
41,341
41,187
41,612
41,189
41,199
41,613
41,614
41,197
41,615
41,198
41,351
41,616
41,617
41,618
41,201
41,200
41,619
41,620
42,621
42,622
42,623
42,624
42,625
42,626
42,627
42,628
42,629
42,630
42,631
42,632
42,633
42,634
42,635
42,636
42,637
42,638
43,639
43,640
43,641
43,642
43,643
43,644
43,645
43,646
43,647
43,648
43,649
43,650
43,651
43,652
43,653
43,654
43,655
43,656
44,657
44,658
44,659
44,660
44,661
44,662
44,663
44,664
44,665
44,666
44,667
44,668
44,669
44,670
44,108
44,671
44,672
44,673
45,157
45,674
45,675
45,676
45,677
45,165
45,678
45,679
45,680
45,681
45,682
45,683
45,684
45,685
45,686
45,687
45,688
45,689
46,690
46,691
46,692
46,693
46,694
46,695
46,696
46,697
46,698
46,699
46,700
46,701
46,702
46,176
46,703
46,704
46,705
46,706
47,707
47,708
47,709
47,710
47,711
47,712
47,713
47,714
47,715
47,716
47,717
47,718
47,719
47,720
47,721
47,722
47,723
47,724
48,725
48,726
48,727
48,728
48,729
48,730
48,731
48,732
48,733
48,734
48,735
48,736
48,737
48,738
48,739
48,740
48,741
48,742
49,743
49,744
49,745
49,746
49,656
49,747
49,748
49,749
49,750
49,751
49,752
49,753
49,754
49,755
49,756
49,757
49,758
49,759
50,232
50,760
50,761
50,762
50,763
50,764
50,765
50,766
50,767
50,768
50,769
50,770
50,771
50,772
50,773
50,774
50,775
50,776
51,777
51,778
51,779
51,780
51,781
51,782
51,783
51,784
51,785
51,786
52,787
52,788
52,789
52,790
52,791
52,792
52,793
52,794
52,795
52,796
52,797
52,798
52,799
52,800
52,801
52,802
52,803
52,804
53,805
53,806
53,807
53,808
53,645
53,809
53,810
53,811
53,812
53,813
53,814
53,815
53,816
53,817
54,743
54,818
54,819
54,820
54,821
54,822
54,823
54,824
54,825
54,826
54,827
54,828
54,829
54,830
54,831
54,832
54,833
54,834
55,835
55,836
55,837
55,838
55,839
55,840
55,841
55,842
55,843
55,844
55,845
55,846
55,847
55,848
55,849
55,850
55,851
55,852
56,853
56,854
56,855
56,856
56,857
56,858
56,859
56,860
56,861
56,862
56,863
56,864
56,865
56,866
56,867
56,868
56,869
56,870
57,871
57,872
57,873
57,874
57,875
57,876
57,877
57,878
57,879
57,880
57,881
57,882
57,883
57,884
57,885
57,886
57,887
57,888
58,889
58,890
58,891
58,892
58,893
58,894
58,895
58,896
58,897
58,898
58,899
59,900
59,901
59,902
59,903
59,904
59,905
59,906
59,907
59,418
59,908
59,909
59,910
59,911
59,912
59,913
59,914
59,915
59,916
60,917
60,918
60,919
60,920
60,921
60,922
60,923
60,924
60,925
60,926
60,927
60,928
60,929
60,930
60,931
60,932
60,933
60,934
61,341
61,612
61,935
61,936
61,937
61,199
61,196
61,938
61,189
61,939
61,940
61,941
61,942
61,943
61,944
61,945
62,946
62,947
62,948
62,949
62,950
62,951
62,952
62,953
62,954
62,955
62,956
62,957
62,958
62,959
62,960
62,961
62,962
62,963
63,53
63,52
63,304
63,54
63,64
63,964
63,965
63,966
63,967
63,55
63,968
63,578
63,969
63,305
63,970
63,971
63,60
63,972
64,533
64,973
64,514
64,974
64,975
64,522
64,976
64,977
64,978
64,979
64,980
64,515
64,981
64,982
64,983
64,984
64,985
64,545
65,986
65,987
65,549
65,988
65,989
65,955
65,990
65,822
65,991
65,992
65,960
65,993
65,994
65,995
65,996
66,889
66,997
66,894
66,998
66,999
66,1000
66,1001
66,1002
66,1003
66,1004
66,1005
66,1006
66,1007
66,1008
68,341
68,1009
68,998
68,199
68,937
68,345
68,1010
68,1011
68,1012
68,350
68,613
68,1013
68,1014
68,1015
68,891
68,198
68,194
68,1016
69,53
69,303
69,54
69,304
69,1017
69,1018
69,969
69,1019
69,1020
69,1021
69,1022
69,1023
69,1024
69,1025
69,1026
69,1027
69,1028
69,1029
70,304
70,1017
70,1030
70,1031
70,1032
70,1033
70,1034
70,1035
70,1036
70,1037
70,1038
70,1039
70,1040
70,1041
70,1042
70,1043
70,1044
70,1045
71,50
71,54
71,304
71,64
71,1046
71,1047
71,969
71,1048
71,56
71,1049
71,1050
71,58
71,1051
71,61
71,1052
71,1053
71,1054
71,1055
72,50
72,53
72,52
72,54
72,964
72,304
72,1047
72,57
72,1056
72,336
72,337
72,55
72,58
72,59
72,306
72,60
72,66
72,1057
73,946
73,1058
73,1059
73,935
73,1060
73,194
73,1011
73,1061
73,1062
73,1013
73,1063
73,614
73,1010
73,1064
73,1065
73,1016
73,351
73,1066
74,1
74,368
74,1067
74,1068
74,1069
74,1070
74,1071
74,1072
74,1073
74,1074
74,1075
74,1076
74,1077
74,1078
74,1079
74,1080
74,1081
74,1082
75,1083
75,1084
75,1085
75,1086
75,1087
75,1088
75,1089
75,1090
75,1091
75,1092
75,1093
75,1094
75,1095
75,1096
75,1097
75,1098
75,1099
75,1100
76,1101
76,1102
76,1103
76,1104
76,1105
76,1106
76,1107
76,1108
76,1109
76,1110
76,1111
76,1112
76,1113
76,1114
76,1115
76,1116
76,1117
76,1118
77,1119
77,1120
77,1121
77,1122
77,1123
77,1124
77,1125
77,1126
77,1127
77,1128
77,1129
77,1130
77,1131
77,1132
77,1133
77,1134
77,1135
77,1136
78,386
78,1137
78,1138
78,1139
78,1140
78,1141
78,1142
78,1143
78,1144
78,1145
78,1146
78,1147
78,1148
78,1149
78,1150
78,1151
78,1152
78,1153
79,386
79,1154
79,1155
79,1156
79,1157
79,1158
79,1159
79,1160
79,1161
79,1140
79,8
79,1162
79,1163
79,1164
79,1165
79,3
79,1166
79,1167
80,1168
80,1169
80,1170
80,1171
80,1172
80,1173
80,1174
80,1175
80,1176
80,1177
80,1178
80,1179
80,1180
80,1181
80,1182
80,1183
80,1184
80,1185
81,1186
81,1187
81,1188
81,1189
81,1190
81,1191
81,1192
81,1193
81,1194
81,1195
81,1196
81,1197
81,1198
81,1199
81,1200
81,1201
81,1202
81,1203
82,725
82,726
82,727
82,734
82,1204
82,729
82,732
82,731
82,730
82,1205
82,1206
82,737
82,1207
82,1208
82,1209
82,1210
82,1211
82,1212
83,1213
83,1214
83,1215
83,1216
83,1217
83,1218
83,1219
83,1220
83,1221
83,1222
83,1223
83,1224
83,1225
83,1226
83,1227
83,1228
83,1229
83,1230
84,1231
84,1232
84,1233
84,1234
84,1235
84,1236
84,1237
84,1238
84,1239
84,1240
84,1241
84,1242
84,1243
84,1244
84,1245
84,1246
84,1247
84,1248
85,1249
85,1250
85,1251
85,1252
85,1253
85,1254
85,1255
85,1256
85,1257
85,1258
85,1259
85,1260
85,1261
85,1262
85,1263
85,1264
85,1265
85,1266
86,480
86,1267
86,1268
86,1269
86,1270
86,1271
86,1272
86,1260
86,1273
86,1274
86,1275
86,1276
86,1277
86,497
86,1278
86,1279
86,1280
86,1281
87,1282
87,1283
87,1284
87,1285
87,1286
87,828
87,1287
87,1288
87,1289
87,1290
87,1291
87,1292
87,1293
87,1294
87,417
87,1295
88,1296
89,1170
89,251
89,1297
89,1298
89,1299
89,1300
89,1301
89,1302
89,1303
89,1304
89,1305
89,1306
89,1307
89,1308
89,250
90,1309
90,1310
90,1311
90,1312
90,1313
90,1064
90,1314
90,1315
90,1316
90,1317
90,1318
90,1319
90,347
90,1320
90,1321
90,1322
90,1323
90,1324
91,1325
91,1326
91,1327
91,1328
91,1329
91,1330
91,1331
91,1332
91,1333
91,1334
91,1335
91,1336
91,1337
91,1338
91,1339
91,1340
91,1341
91,1342
92,1343
92,1344
92,1345
92,1346
92,1347
92,1348
92,1349
92,1350
92,519
92,1351
92,1352
92,1353
92,1354
92,1355
92,1356
92,1357
92,1358
92,1359
93,889
93,900
93,1360
93,894
93,1361
93,1362
93,1363
93,752
93,1364
93,1365
93,831
93,1366
93,1367
93,1368
93,1369
93,1370
93,1371
93,1372
94,1373
94,1374
94,1375
94,519
94,974
94,532
94,1376
94,1377
94,1378
94,1379
94,1380
94,1381
94,1382
94,1383
94,1384
94,883
94,1385
94,1386
95,1387
95,1388
95,1389
95,1390
95,1391
96,341
96,1392
96,342
96,1393
96,1394
96,1395
96,1063
96,344
96,198
96,1396
96,1397
96,1398
96,1399
96,1400
96,1401
96,1402
97,341
97,189
97,820
97,1403
97,196
97,1404
97,1405
97,937
97,1406
97,1010
97,616
97,1407
97,1393
97,1408
97,1409
97,943
97,1410
97,498
98,1411
98,1412
98,1413
98,1414
98,1415
98,1416
98,1417
98,1418
98,1419
98,1420
98,1421
98,1422
98,1423
98,1424
98,1425
99,51
99,52
99,1426
99,1427
99,54
99,970
99,55
99,53
99,1020
99,1428
99,1429
99,1430
99,1431
99,969
100,1432
100,1433
100,1434
100,1435
100,1436
100,1437
100,1438
100,1439
100,1440
100,1441
100,1442
100,1443
100,1444
100,1445
100,1446
100,1447
100,1448
100,1449
101,50
101,53
101,54
101,304
101,64
101,965
101,336
101,55
101,58
101,59
101,1450
101,60
101,1024
101,66
101,57
101,1451
101,1452
101,1453
102,341
102,937
102,1454
102,1455
102,187
102,1396
102,1456
102,345
102,1063
102,199
102,1457
102,939
102,1458
102,347
102,943
102,200
102,1459
103,1460
103,1461
103,1462
103,1002
103,854
103,1463
103,1464
103,1465
103,343
103,1466
103,1467
103,93
103,1468
103,831
103,1469
103,1063
103,1470
103,1471
104,1472
104,1296
104,1473
104,1474
104,1475
104,1476
104,1477
104,1478
104,1479
104,1480
104,1481
104,1482
104,1483
104,1484
104,1485
104,1486
104,1487
104,1488
105,663
105,1489
105,1490
105,1491
105,1492
105,1493
105,1494
105,1495
105,1496
105,1497
105,1498
105,1499
105,1500
105,1501
105,1502
105,1503
105,1504
105,1505
106,1506
106,1507
106,1508
106,1509
106,1163
106,229
106,1510
106,1511
106,1512
106,1513
107,1514
107,1515
107,1516
107,1517
107,1518
107,1519
107,1520
107,1521
107,1522
107,1523
107,1524
107,1525
107,1526
107,1527
107,1528
107,1529
107,1530
107,1531
108,1532
108,1533
108,352
108,1534
108,233
108,1535
108,1536
108,1537
108,1538
108,1539
108,1540
108,1541
108,1542
108,1543
108,1544
108,1545
108,1546
108,1547
109,1548
109,1549
109,1550
109,1551
109,1552
109,1553
109,1554
109,1555
109,1556
109,1557
109,1558
109,1559
109,1560
109,1561
109,1562
109,1563
109,1564
109,1565
110,1566
110,1567
110,1568
110,1569
110,1570
110,1571
110,1572
110,1573
110,1574
110,1575
110,1576
110,1577
110,1578
110,1579
110,1580
110,1581
110,1582
110,1583
111,352
111,1137
111,707
111,1584
111,1585
111,1586
111,1587
111,1588
111,1589
111,1590
111,1591
111,1592
111,6
111,1593
111,1594
111,1595
111,1596
111,1597
112,1598
112,110
112,1599
112,1600
112,1601
112,1602
112,1603
112,1604
112,1605
112,1606
112,1607
112,1608
112,1609
112,1610
112,1611
112,1612
112,1613
112,1614
113,105
113,1615
113,1616
113,108
113,1617
113,1618
113,1619
113,1620
113,225
113,1621
113,1622
113,1623
113,1624
113,1625
113,1626
113,1627
113,1628
113,1629
114,1630
114,724
114,1631
114,1632
114,1633
114,1634
114,1635
114,1636
114,1637
114,1638
114,1639
114,1640
114,1641
114,1642
114,1643
114,1644
114,1645
114,1646
115,1647
115,1648
115,1649
115,1650
115,142
115,1651
115,1652
115,1111
115,1653
115,1654
115,1655
115,1656
115,1657
115,1658
115,1659
115,1660
115,1661
115,1662
116,1663
116,1664
116,1665
116,1666
116,1667
116,1668
116,1669
116,1670
116,1671
116,1672
116,1673
116,1674
116,1675
116,1676
116,1677
116,1678
116,1679
116,1680
117,369
117,1188
117,1681
117,1682
117,1683
117,1684
117,1685
117,1686
117,1687
117,1688
117,1689
117,1690
117,1691
117,1692
117,1693
117,1694
117,1695
117,1696
118,1067
118,1697
118,1698
118,1699
118,1700
118,1701
118,360
118,1702
118,1703
118,1704
118,1705
118,1706
118,1707
118,1708
118,1709
118,1710
118,1711
118,1712
119,1713
119,1714
119,1715
119,1716
119,1717
119,1718
119,1719
119,1720
119,1721
119,1722
119,1723
119,1724
119,1725
119,1726
119,1727
119,1728
119,1729
119,1730
120,1731
120,1732
120,1733
120,1734
120,1735
120,1736
120,1737
120,1738
120,1739
120,1740
120,1741
120,1742
120,1743
120,1744
120,1745
120,1746
120,1747
120,1748
121,548
121,1749
121,1750
121,1751
121,1752
121,1753
121,1754
121,954
121,1755
121,1756
121,1757
121,1758
121,1759
121,960
121,1760
121,1761
121,1762
121,1763
122,1764
122,1765
122,1766
122,1767
122,1768
122,1769
122,1770
122,1771
122,1772
122,1773
122,1774
122,1775
122,1776
122,1777
122,1778
122,1779
122,1780
122,1781
123,1782
123,1783
123,1784
123,1785
123,1786
123,1787
123,1788
123,1789
123,1790
123,1791
123,1792
123,1793
123,1794
123,1795
123,1796
123,1797
123,1798
123,1799
124,140
124,1800
124,1801
124,1802
124,1803
124,1804
124,1805
124,1806
124,1807
124,1808
124,1809
124,1810
124,1811
124,1812
124,1813
124,1814
124,1815
124,1816
125,1817
125,1818
125,1819
125,1820
125,1821
125,1822
125,1823
125,1824
125,168
125,1825
125,1826
125,1827
125,1828
125,1829
125,1830
125,1831
125,1832
125,1833
126,1101
126,1834
126,1835
126,1836
126,1837
126,1838
126,1839
126,1840
126,1841
126,1842
126,1843
126,1844
126,1845
126,1846
126,1847
126,1848
126,1849
126,1850
127,1851
127,1852
127,1853
127,1854
127,1855
127,1856
127,1857
127,1858
127,1859
127,1860
127,1861
127,1862
127,1863
127,1864
127,1865
127,1866
127,1867
127,1868
128,1869
128,1870
128,1871
128,1872
128,1873
128,1874
128,1875
128,1876
128,1877
128,1878
128,1879
128,1880
128,1881
128,1882
128,1883
128,1884
128,1885
128,1886
129,1851
129,1887
129,1888
129,1889
129,1858
129,1856
129,1890
129,1891
129,1892
129,1893
129,1894
129,1895
129,1896
129,1853
129,1897
129,1898
129,1899
129,1900
130,1901
130,1902
130,1903
130,1904
130,1905
130,1906
130,1907
130,1908
130,1909
130,1910
130,1911
130,1912
130,1913
130,1914
130,1915
130,1916
130,1917
130,1918
131,1919
131,1920
131,1921
131,1922
131,1923
131,1924
131,1925
131,1926
131,1927
131,1928
131,1929
131,1930
131,1931
131,1932
131,1933
132,1934
133,1935
133,1936
133,1937
133,1938
133,1939
133,1940
133,1941
133,1942
133,1943
133,1944
133,1945
133,1946
133,1947
133,1948
133,656
133,895
133,1949
133,1950
134,1951
134,486
134,1952
134,1953
134,1954
134,1955
134,1956
134,1957
134,1958
134,1959
134,1960
135,548
135,1961
135,1962
135,1963
135,1964
135,1965
135,892
135,1966
135,1967
135,1968
135,1969
135,1970
135,1971
135,1972
135,1973
135,1974
135,1975
135,1976
136,1977
136,1978
136,1979
136,1980
136,1981
136,1982
136,1983
136,1984
136,1985
136,1986
136,1987
136,1988
136,1989
136,1990
136,1991
136,1992
136,1993
136,1994
137,1433
137,1995
137,1996
137,1997
137,1998
137,1999
137,2000
137,2001
137,2002
137,2003
137,2004
137,2005
137,2006
137,2007
137,2008
137,2009
138,2010
138,2011
138,2012
138,2013
138,2014
138,2015
138,2016
138,2017
138,2018
138,2019
138,2020
139,2021
139,2022
139,2023
139,2024
139,2025
139,2026
139,2027
139,2028
139,2029
139,2030
139,2031
139,2032
139,2033
139,2034
139,2035
139,2036
139,2037
139,2038
140,480
140,481
140,2039
140,2040
140,2041
140,2042
140,1267
140,2043
140,1257
140,2044
140,1270
140,2045
140,1952
140,2046
140,2047
140,2048
140,1263
140,2049
141,2050
141,2051
141,2052
141,499
141,2053
141,2054
141,2055
141,2056
141,2057
141,2058
141,2059
141,2060
141,2061
141,994
141,2062
141,2063
141,2064
141,2065
142,2066
142,2067
142,2068
142,2069
142,2070
142,2071
142,2072
142,2073
142,2074
142,2075
142,2076
142,2077
143,2078
143,2079
143,2080
143,2081
143,2082
143,2083
143,2084
143,2085
143,2086
143,2087
143,750
143,2088
143,747
143,2089
143,2090
143,2091
143,795
143,2092
144,2093
144,2094
144,2095
144,2096
144,2097
144,2098
144,2099
144,2100
144,2101
144,2102
144,2103
144,2104
144,2105
144,1522
144,826
144,2106
144,2107
144,2108
146,889
146,820
146,2109
146,2110
146,1467
146,891
146,2111
146,1361
146,2112
146,2113
146,2114
146,1003
146,2115
146,2116
146,2117
146,2118
146,894
146,2119
147,2088
147,2120
147,2121
147,2122
147,2123
147,2124
147,748
147,2125
147,2126
147,2127
147,2128
147,2129
147,2130
147,2131
147,2132
147,2133
147,2134
147,2135
148,2136
148,2137
148,2138
148,2139
148,2140
148,2141
148,2142
148,2143
148,2144
148,2145
148,2146
148,2147
148,2148
148,2149
148,2150
148,2151
149,2152
149,2153
149,2154
149,2155
149,2156
149,2157
149,2158
149,2159
149,2160
149,2161
149,2162
149,2163
149,2164
149,2165
149,2166
149,2167
149,648
149,2168
150,978
150,514
150,516
150,534
150,2169
150,2170
150,2171
150,2172
150,975
150,2173
150,521
150,1353
150,2174
150,2175
150,2176
150,527
150,2177
150,2178
151,2179
151,2180
151,2181
152,53
152,2182
152,2183
152,2184
152,2185
152,2186
152,1020
152,2187
152,2188
152,2189
152,2190
152,2191
152,2192
152,2193
152,2194
152,2195
152,2196
152,1026
153,2197
153,946
153,612
153,2198
153,2199
153,2200
153,76
153,2201
153,1064
153,854
153,2202
153,2203
153,2204
153,1467
153,2205
153,2206
154,53
154,304
154,64
154,969
154,576
154,1017
154,1018
154,59
154,306
154,2193
154,2207
154,2208
154,56
154,2209
154,2210
154,2211
154,2192
154,2212
155,2213
155,2214
155,2215
155,2216
155,2217
155,2218
155,969
155,2219
155,2220
155,2221
155,2222
155,572
155,2223
155,2224
155,2225
155,2226
155,2227
155,2228
156,2229
156,2230
156,2231
156,2232
156,2233
156,2234
156,2235
156,2236
156,2237
156,2238
156,2239
156,2240
156,2241
156,2242
156,2243
156,2244
156,2245
156,2246
157,1388
157,2247
157,2248
157,2249
157,2250
157,2251
157,2252
157,2253
157,2254
157,2255
157,2256
157,2257
157,2258
157,2259
157,2260
157,2261
157,2262
157,2263
158,116
158,2264
158,2265
158,2266
158,2267
158,2268
158,2269
158,2270
158,2271
158,2272
158,2273
158,2274
158,2275
158,2276
158,2277
158,2278
158,2279
158,2280
159,960
159,2281
159,2282
159,2283
159,2284
159,2285
160,2286
160,2287
160,2288
160,2289
160,2290
160,2291
160,2292
160,2293
160,2294
160,2295
160,2296
160,2297
160,2298
160,2299
160,2300
160,2301
160,2302
160,2303
161,368
161,2304
161,2305
161,2306
161,1533
161,2307
161,2308
161,2309
161,2310
161,2311
161,2312
161,2313
161,2314
161,2315
161,2316
161,2317
161,2318
161,765
162,1296
162,157
162,2319
162,2320
162,2321
162,1129
162,2322
162,2323
162,2324
162,2325
162,2326
162,2327
162,2328
162,2329
162,2330
162,2331
162,2332
162,2333
163,105
163,356
163,658
163,110
163,353
163,359
163,1
163,108
163,2334
163,2335
163,2336
163,2337
163,2338
163,2339
163,2340
163,2341
163,115
163,2321
164,2342
164,2343
164,2344
164,2345
164,1616
164,2346
164,2347
164,2348
164,2349
164,2350
164,2351
164,2352
164,2353
164,2354
164,2355
164,2356
164,2357
164,2358
165,707
165,2359
165,2360
165,713
165,2361
165,2362
165,2363
165,2364
165,2365
165,2366
165,2367
165,2368
165,2369
165,2370
165,2371
165,2372
165,2373
165,2374
166,1506
166,2375
166,2376
166,1569
166,2377
166,2378
166,2379
166,1195
166,2380
166,6
166,2381
166,2382
166,2383
166,2384
166,2385
166,2386
166,2387
166,2388
167,1585
167,32
167,37
167,2389
167,2390
167,691
167,2391
167,726
167,2392
167,160
167,2393
167,1085
167,2394
167,2395
167,2396
167,2397
167,2398
167,2399
168,2400
168,692
168,695
168,2401
168,2402
168,2403
168,2404
168,2405
168,2406
168,2407
168,2408
168,2409
168,2410
168,2411
168,2412
168,2413
169,726
169,2414
169,2415
169,2416
169,2417
169,2418
169,2419
169,2420
169,2421
169,2422
169,2423
169,2424
169,2425
169,2426
169,2427
169,2428
169,2429
169,2430
170,2342
170,2345
170,2344
170,2343
170,1616
170,2347
170,2349
170,2352
170,2350
170,2354
170,2353
170,2431
170,2432
170,2358
170,2433
170,2434
170,2435
170,2436
171,2437
171,2438
171,2198
171,1964
171,2439
171,750
171,2440
171,2441
171,551
171,2442
171,749
171,2443
171,2444
171,752
171,1968
171,2445
171,2446
171,2447
172,2448
172,2449
172,2450
172,2451
172,2452
172,2453
172,2454
172,2455
172,2456
172,2457
172,2458
172,2459
172,2460
172,2461
172,2462
172,2463
172,2464
172,2465
173,1119
173,1123
173,1120
173,1131
173,1121
173,2466
173,1122
173,2467
173,2468
173,2469
173,2470
173,2471
173,2472
173,2473
173,2474
173,2475
173,1124
173,1130
174,2476
174,2477
174,2478
174,2479
174,2480
174,2481
174,2482
174,2483
174,2484
174,2485
174,2486
174,2487
174,2488
174,2489
174,2490
174,2491
174,2492
174,2493
175,2494
175,2495
175,2496
175,2497
175,2498
175,2499
175,2500
175,1506
175,2501
175,2502
175,2503
175,2504
175,2505
175,2506
175,2507
175,2508
176,2509
176,2510
176,2511
176,2512
176,2513
176,2514
176,2515
176,2516
176,2517
176,732
176,2518
176,2519
176,2520
176,2521
176,2522
176,2523
176,2524
176,2525
177,1221
177,2526
177,2527
177,2528
177,2529
177,2530
177,2531
177,2532
177,2533
177,2534
177,2535
177,2536
177,2537
177,2538
177,2539
177,2540
177,2541
177,2542
178,2543
178,2544
178,2545
178,2546
178,2547
178,2548
178,2549
178,2550
178,2551
178,2552
178,2553
178,2554
178,2555
178,2556
178,1110
178,2557
178,2558
178,2559
179,2560
179,2561
179,2562
179,2563
179,2564
179,2565
179,2566
179,2567
179,2568
179,2569
179,2570
179,2571
179,2572
179,2573
179,2574
179,2575
179,2576
179,2577
180,2578
180,2579
180,2580
180,2581
180,2582
180,2583
180,2584
180,2585
180,2586
180,2587
180,2588
180,2589
180,2590
180,2591
180,2592
180,2593
180,2594
180,2595
181,2596
181,2597
181,2598
181,2599
181,2600
181,408
181,2601
181,2602
181,2603
181,2604
181,2605
181,2606
181,2607
181,2608
181,2609
181,2610
181,2611
181,2612
182,2613
182,900
182,2614
182,2615
182,2616
182,2617
182,2618
182,2619
182,2620
182,2621
182,2622
182,2623
182,2624
182,2625
182,2626
182,2627
182,2628
182,2629
183,2630
183,2631
183,2632
183,2633
183,2634
183,2635
183,2363
183,2636
183,2637
183,2638
183,2639
183,2640
183,2641
183,2642
183,2643
183,2644
183,2645
183,2646
184,2647
184,2648
184,2649
184,2650
184,2651
184,2652
184,2653
184,2654
184,2655
184,2656
184,2657
184,2658
184,2659
184,2660
184,2661
184,2662
184,1659
184,1896
185,1851
185,1852
185,2663
185,2664
185,2652
185,2665
185,2666
185,2667
185,2668
185,2669
185,2670
185,2671
185,1855
185,2672
185,1856
185,2673
185,2674
185,2675
186,1249
186,2676
186,480
186,2677
186,2678
186,1255
186,2679
186,2680
186,1250
186,2681
186,2047
186,2682
186,2683
186,1256
186,1263
186,2684
186,2685
186,2686
187,2687
187,2688
187,2689
187,2690
187,2691
187,2692
187,2693
187,2694
187,2695
187,2696
187,2697
187,1934
187,2698
187,2699
188,2700
188,2701
188,2702
188,2703
188,2704
188,2705
188,2706
188,2707
188,2708
188,2709
188,2710
189,2711
189,2712
189,2713
189,2714
189,2715
189,2716
189,2717
189,2718
189,2719
189,2720
189,2721
189,2722
189,2723
189,2724
189,2725
189,2726
189,2727
189,2728
190,2437
190,2729
190,2730
190,2731
190,2732
190,2733
190,2734
190,2735
190,2736
190,2737
190,2738
190,2739
190,1518
190,2740
190,2741
190,2742
190,2743
190,2744
191,2745
191,2746
191,2747
191,2748
191,2749
191,2750
191,2751
191,2752
191,2753
191,2754
192,2755
192,2756
192,2757
192,2758
192,2107
192,950
192,2759
192,2760
192,2761
192,2762
192,2763
192,990
192,2129
192,989
192,2764
192,2736
192,2765
192,2442
193,2766
193,2767
193,2677
193,2768
193,2046
193,2684
193,2769
193,2770
193,2771
193,2772
193,2773
193,2774
193,2775
193,2776
193,2777
193,2778
193,2779
193,2780
194,2755
194,2781
194,656
194,2094
194,2759
194,807
194,2782
194,2783
194,2784
194,2785
194,2762
194,2786
194,2787
194,2788
194,758
194,2789
194,2765
194,2790
195,341
195,615
195,2791
195,2792
195,193
195,2793
195,2794
195,2795
195,939
195,2796
195,2797
195,2798
195,909
195,2799
195,2800
195,2801
195,2802
195,2803
196,2804
196,2805
196,2806
196,2807
196,2808
196,2809
196,2810
196,2811
196,2812
196,2813
196,2814
196,2815
196,2816
196,2817
196,2818
196,2819
196,2820
196,2821
197,22
197,21
197,20
197,2822
197,2823
197,2824
197,2825
197,2826
197,2827
197,2828
197,2829
197,19
197,2830
197,23
197,2831
197,2832
197,24
197,25
198,2833
198,2834
198,2835
198,2836
198,2837
198,2838
198,2839
198,2840
198,2841
198,2842
198,2843
198,1377
198,2844
198,2845
198,2846
198,2847
198,2848
198,2849
199,2850
199,2851
199,2852
199,2853
199,2854
199,2855
199,2856
199,2857
199,2858
199,2859
199,2860
199,2861
199,2862
199,2863
199,2864
199,2865
199,2866
199,2867
200,2868
200,2869
200,2870
200,2871
200,2872
200,2873
200,2874
200,2875
200,2876
200,2877
200,2878
200,2879
200,2880
200,2881
200,2882
200,2883
200,2884
200,2885
201,2886
201,2198
201,2887
201,894
201,788
201,2888
201,2889
201,2890
201,2732
201,2891
201,2892
201,1943
201,2893
201,2894
201,2895
201,2896
201,2897
201,750
202,2898
202,2899
202,2900
202,2901
202,2902
202,2903
202,2904
202,2905
202,2906
202,2907
202,2908
202,2909
202,2910
202,2911
202,2912
202,2913
202,2914
202,2915
203,2916
203,2917
203,2918
203,2919
203,2920
203,2921
203,2922
203,2923
203,2924
203,2925
204,2926
204,1935
204,2927
204,2928
204,2929
204,2200
204,2930
204,821
204,656
204,2931
204,2932
204,2933
204,2934
204,2935
204,2936
204,2937
204,1940
204,2938
205,515
205,2939
205,2940
205,1376
205,2941
205,2942
205,2943
205,2944
205,2945
205,2946
205,2947
205,2833
205,2948
205,2949
205,2950
205,2951
205,2952
205,2953
206,2954
206,950
206,987
206,1969
206,2107
206,904
206,2955
206,2956
206,2957
206,2958
206,2789
206,2959
206,2960
206,2961
206,2962
206,2963
206,996
207,2964
207,2965
207,2966
207,2967
207,2968
208,304
208,2969
208,2970
208,2971
208,2972
208,1050
208,2973
208,1040
208,2974
208,2975
208,2976
208,2977
208,2978
209,1290
209,1286
209,2979
209,2980
209,2981
209,2982
209,2983
209,2984
209,2985
209,2986
209,2987
209,2988
209,2989
209,2990
209,2991
209,2992
209,2993
209,2994
210,2995
210,2996
210,2997
210,1000
210,350
210,2998
210,2999
210,3000
210,3001
210,3002
210,3003
210,1967
210,3004
211,3005
211,3006
211,3007
211,3008
211,3009
211,3010
211,3011
211,3012
211,3013
211,3014
211,3015
211,3016
211,3017
211,3018
211,3019
211,3020
211,3021
211,3022
212,889
212,1752
212,2094
212,1009
212,3023
212,894
212,3024
212,955
212,3025
212,3026
212,3027
212,833
212,3028
212,3029
212,2129
212,1003
212,3030
213,50
213,54
213,52
213,303
213,3031
213,64
213,304
213,964
213,3032
213,1047
213,965
213,969
213,3033
213,306
213,2193
213,58
213,337
213,3034
214,3035
214,3036
214,3037
214,3038
214,3039
214,3040
214,3041
214,3042
214,3043
214,3044
214,3045
214,3046
214,3047
214,3048
214,3049
214,3050
214,3051
214,3052
215,889
215,999
215,3053
215,2792
215,2793
215,3054
215,3055
215,3056
215,749
215,954
215,854
215,891
215,3057
215,752
215,3058
215,3059
216,2755
216,3060
216,3061
216,3062
216,3023
216,3063
216,3064
216,1969
216,2789
216,3065
216,2786
216,2129
216,3066
216,3067
216,548
217,549
217,2058
217,1004
217,3068
217,2103
217,2737
217,3069
217,3070
217,3071
217,3072
217,3073
217,3074
217,3075
217,3076
217,3077
217,2731
217,3078
217,3079
218,53
218,3080
218,313
218,964
218,966
218,3081
218,3082
218,3083
218,3084
218,312
218,3085
218,1034
218,3086
218,61
218,967
218,3087
218,3088
218,2192
219,853
219,3089
219,2107
219,829
219,3090
219,3091
219,3092
219,3093
219,3094
219,3095
219,3096
219,3097
219,3098
219,3099
219,3100
219,3101
219,3102
219,3103
220,341
220,3104
220,656
220,999
220,3105
220,998
220,894
220,3106
220,3107
220,3108
220,891
220,3109
220,3110
221,3111
221,901
221,900
221,3112
221,3113
221,656
221,2094
221,3114
221,3115
221,3023
221,749
221,3116
221,3117
221,3118
221,3119
221,3120
221,3121
221,3122
222,50
222,51
222,54
222,52
222,3031
222,304
222,64
222,3123
222,574
222,58
222,336
222,60
222,2209
222,55
222,337
222,3124
222,3125
222,3126
223,3127
223,3128
223,3129
223,3130
223,3131
223,3132
223,241
223,725
223,3133
223,3134
223,3135
223,3136
223,3137
223,3138
223,3139
223,3140
223,3141
223,3142
224,113
224,3143
224,1137
224,2342
224,3144
224,3145
224,3146
224,3147
224,3148
224,3149
224,3150
224,3151
224,3152
224,3153
224,3154
224,3155
224,3156
224,3157
225,3158
225,1137
225,3159
225,1498
225,3160
225,3161
225,3162
225,673
225,3163
225,3164
225,3165
225,3166
225,3167
225,3168
225,3169
225,3170
225,3171
225,3172
226,3173
226,3174
226,3175
226,3176
226,169
226,3177
226,2344
226,3178
226,3179
226,3180
226,3181
226,3182
226,3183
226,3184
226,3185
226,3186
226,3187
226,3188
227,661
227,3189
227,3190
227,3191
227,3192
227,3193
227,3194
227,3195
227,687
227,3196
227,3197
227,3198
227,3199
227,3200
227,3201
227,3202
227,3203
227,3204
228,1067
228,3205
228,3206
228,669
228,3207
228,3208
228,3209
228,3210
228,3211
228,3212
228,3213
228,3214
228,3215
228,3216
228,3217
228,3218
228,3219
228,3220
229,33
229,157
229,3221
229,3222
229,1138
229,3223
229,3224
229,3225
229,3226
229,3227
229,1086
229,3228
229,3229
229,1599
229,3230
229,3231
229,3232
229,3233
230,3234
230,3235
230,3236
230,3237
230,3238
230,3239
230,3240
230,3241
230,3242
230,3243
231,3244
231,3245
231,3246
231,3247
231,3248
231,3249
231,3250
231,3251
231,3252
231,3253
231,3254
231,3255
231,3256
231,3257
231,3258
231,3259
231,3260
231,3261
232,3262
232,3263
232,3264
232,3265
232,3266
232,3267
232,3268
232,3269
232,3270
232,3271
232,3272
232,3273
232,3274
232,3275
232,3276
232,3277
232,3278
232,3279
233,33
233,3280
233,3281
233,3282
233,3283
233,3284
233,2509
233,3285
233,3286
233,3287
233,3288
233,3289
233,3290
233,3291
233,3292
233,3198
233,3293
233,3294
234,3295
234,3296
234,3297
234,3298
234,3299
234,3300
234,3301
234,3302
234,3303
234,3304
234,3305
234,3306
234,3307
234,3308
234,3309
234,3310
234,3311
234,3312
235,3313
235,3314
235,3315
235,3316
235,3317
235,3318
235,3319
235,3320
235,3321
235,3322
235,3323
235,3324
235,3325
235,3326
235,3327
235,3328
235,3329
235,3330
236,157
236,3331
236,3332
236,3333
236,3334
236,3335
236,675
236,1600
236,3336
236,3337
236,3338
236,3339
236,3340
236,3341
236,161
236,3342
236,3343
236,3344
237,3345
237,235
237,762
237,3346
237,3347
237,3348
237,3349
237,3350
237,3351
237,3352
237,3353
237,1538
237,3354
237,3355
237,3356
237,3357
237,3358
237,3359
238,386
238,3360
238,3361
238,3362
238,3363
238,2499
238,3364
238,3365
238,3366
238,3367
238,1075
238,3368
238,3369
238,3370
238,3371
238,3372
238,3373
238,3374
239,3375
239,3376
239,3377
239,3378
239,3379
239,3380
239,3381
239,3382
239,3383
239,3384
239,3385
239,3386
239,3387
239,3388
239,3389
239,3390
239,3391
239,3392
240,3393
240,3394
240,3395
240,3396
240,3397
240,3398
240,3399
240,3400
240,3401
240,3402
240,3403
240,3404
240,3405
240,3406
240,3407
240,3408
240,3409
240,3410
241,3411
241,3412
241,3413
241,3414
241,3415
241,3416
241,3417
241,3418
241,3419
241,3420
241,3421
241,3422
241,3423
241,3424
241,3425
241,3426
241,3427
241,3428
242,3429
242,3430
242,38
242,1807
242,3431
242,3432
242,1665
242,3433
242,3434
242,3435
242,3436
242,3325
242,3437
242,3438
242,3439
242,3440
242,3441
242,3442
243,3443
243,3444
243,3445
243,3446
243,3447
243,3448
243,1736
243,3449
243,3450
243,3451
243,3452
243,3453
243,3454
243,3455
243,3456
243,3457
243,3458
243,3459
244,3460
244,734
244,3461
244,3462
244,3463
244,3464
244,3465
244,1785
244,3466
244,3467
244,3468
244,3469
244,3470
244,3471
244,3472
244,3473
244,3474
244,3475
245,3476
245,3477
245,2499
245,3478
245,3479
245,3480
245,3481
245,3482
245,3483
245,3484
245,3485
245,3486
245,1644
245,3487
245,3488
245,3489
245,3490
245,3491
246,725
246,726
246,727
246,728
246,729
246,731
246,3492
246,3493
246,733
246,1665
246,730
246,734
246,732
246,3494
246,740
246,3495
246,1210
246,3496
247,3497
247,3498
247,3499
247,3500
247,3501
247,3502
247,3503
247,3504
247,3505
247,3506
247,3507
247,3508
247,3509
247,3510
247,3511
247,3512
247,3513
247,3514
248,3515
248,3516
248,3517
248,3518
248,3519
248,3520
248,3521
248,3522
248,3523
248,3524
248,3525
248,3526
248,3527
248,3528
248,3529
248,3530
248,3531
248,3532
249,3533
249,3534
249,3535
249,3536
249,3537
249,3538
249,3539
249,3540
249,3541
249,3542
249,3543
249,3544
249,3545
249,3546
249,146
249,3547
249,3548
249,3549
250,386
250,3360
250,3550
250,3551
250,3361
250,3552
250,3363
250,2499
250,3553
250,3365
250,3554
250,3555
250,3367
250,3556
250,3557
250,3558
250,3559
250,3560
251,3561
251,3562
251,3563
251,3564
251,3565
251,3566
251,3567
251,3568
251,3569
251,3570
251,3571
251,3572
251,3573
251,3574
251,3575
251,3576
251,3577
251,3578
252,3579
252,3580
252,3581
252,3582
252,3583
252,3584
252,3585
252,3586
252,3587
252,3588
252,3589
252,3523
252,3590
252,3591
252,3592
252,3593
252,3594
252,3595
253,1101
253,3596
253,3597
253,3598
253,3599
253,3600
253,3601
253,3602
253,3603
253,3604
253,3605
253,3606
253,3607
253,3608
253,3609
253,3610
253,3611
253,3612
254,3613
254,3614
254,3615
254,3616
254,3617
254,3618
254,3619
254,3620
254,3621
254,3622
254,3623
254,37
254,3624
254,3625
254,3626
254,3627
254,3628
254,3629
255,3630
255,3631
255,3515
255,3632
255,3633
255,3634
255,3635
255,3636
255,3637
255,3638
255,3639
255,3640
255,3641
255,3642
255,3643
255,3644
255,3645
255,3646
256,3647
256,3648
256,3649
256,3650
256,3651
256,3652
256,3653
256,3654
256,3655
256,3656
256,3657
256,3658
256,3659
256,3660
256,3661
256,3662
256,3663
256,3664
257,3665
257,3666
257,3667
257,3668
257,3632
257,3669
257,3670
257,3671
257,3672
257,3673
257,3674
257,3675
257,3676
257,3677
257,3678
257,3679
257,3680
257,3681
258,3682
258,3683
258,3684
258,2011
258,3685
258,3686
258,3687
258,3688
258,3689
258,3690
258,3691
258,3692
258,3693
258,3694
258,3695
258,3696
258,3697
258,3698
259,2613
259,3699
259,3700
259,3701
259,3702
259,3703
259,3704
259,3705
259,3706
259,3707
259,3708
259,3709
259,3710
259,3711
259,3712
259,3713
259,3714
259,3715
260,1788
260,3716
260,3717
260,3718
260,3566
260,3719
260,3720
260,3721
260,3722
260,3723
260,3724
260,3725
260,3726
260,3727
260,3728
260,3729
260,3730
260,3731
261,1250
261,490
261,3732
261,3733
261,1256
261,3734
261,1259
261,3735
261,1253
261,3736
261,2047
261,1266
261,1255
261,2684
261,2682
261,3737
261,3738
261,3739
262,3740
262,3741
262,3742
262,2648
262,3743
262,3744
262,3745
262,3746
262,3747
262,3748
262,3749
262,3750
262,3751
262,146
262,3752
262,3753
262,3754
262,3755
263,3756
263,2613
263,3757
263,3758
263,3759
263,3760
263,3761
263,3762
263,3763
263,3764
263,3765
263,3766
263,3767
263,3768
263,3769
263,3770
263,3771
263,3772
264,3773
264,3774
264,3775
264,3776
264,3777
264,3778
264,3779
264,3780
264,3781
264,3782
264,3783
264,3784
264,3785
264,3786
264,3787
264,3788
264,3789
264,3790
265,3791
265,3792
265,3793
265,3794
265,3795
265,3796
265,3797
265,3798
265,3799
265,3800
265,3801
265,3802
265,3803
265,3804
265,3805
265,3806
265,3807
265,3808
266,3809
266,3810
266,3811
266,3812
266,3813
266,3814
266,3815
266,3816
266,3817
266,2878
266,3818
266,3819
266,3820
266,3821
266,3822
266,3823
266,3824
266,3825
267,889
267,548
267,2052
267,2729
267,743
267,3826
267,3827
267,1361
267,3828
267,3829
267,3830
267,2437
267,990
267,954
267,3831
267,3832
267,3833
267,3834
268,3835
268,3836
268,3837
268,3838
268,3839
268,3840
268,3841
268,3842
268,3843
268,3844
268,3845
268,3846
268,3847
268,3848
268,3849
268,3850
268,3851
268,3852
269,3853
269,3854
270,3855
270,3856
270,3857
270,3858
270,3859
270,3860
270,3861
270,3862
270,3863
270,3864
270,3865
270,3866
270,3867
270,3868
270,3869
270,3870
270,3871
270,3872
271,21
271,3873
271,24
271,3874
271,3875
271,3876
271,3877
271,3878
271,3879
271,3880
271,3881
271,3882
271,3883
271,3884
271,3885
271,3886
271,3887
271,3888
272,3889
272,3890
272,3891
272,3892
272,3893
272,3894
272,3895
272,3896
272,3897
272,1475
272,3898
272,3899
272,3900
272,3901
272,3902
272,3903
272,3904
272,3905
273,3906
273,3907
273,2757
273,1004
273,1755
273,3908
273,3909
273,827
273,2783
273,2744
273,826
273,3910
273,896
273,1757
273,3911
273,3912
273,3913
273,3914
274,3855
274,3915
274,3813
274,3916
274,3917
274,3918
274,3919
274,3920
274,3921
274,3922
274,3923
274,2606
274,3924
274,3925
274,3926
274,3927
274,3928
274,3929
275,3930
275,548
275,3931
275,3932
275,3933
275,3934
275,758
275,752
275,3935
275,3936
275,1945
275,3937
275,951
275,656
275,2789
275,2785
275,3938
275,2960
276,3939
276,3940
276,3941
276,3942
276,3943
276,3944
276,3945
276,3946
276,3947
276,3948
276,3949
276,3950
276,3951
276,3952
277,1249
277,3953
277,2683
277,3954
277,3955
277,2677
277,3956
277,3957
277,3958
277,3959
277,1261
277,1263
277,1250
277,484
277,3960
277,2766
277,3961
277,1952
278,341
278,615
278,2793
278,2791
278,2792
278,3962
278,3963
278,193
278,3056
278,3964
278,3965
278,204
278,3966
278,3967
278,3968
278,2802
278,3969
278,3970
279,3971
279,3972
279,3973
279,3974
279,3975
279,3976
279,3977
279,3978
279,3979
279,3980
279,3981
279,3982
279,3983
279,3984
279,3985
279,3986
279,3987
279,3988
280,3989
280,3990
280,3991
280,3992
280,3993
280,3994
280,3995
280,3996
281,3997
281,3998
281,3999
281,4000
281,4001
281,4002
281,4003
281,4004
281,4005
281,4006
281,4007
281,4008
281,4009
281,4010
281,4011
281,4012
281,4013
281,4014
282,4015
282,4016
282,4017
282,4018
282,4019
282,4020
282,4021
282,4022
282,4023
282,4024
282,4025
282,4026
282,4027
282,4028
282,4029
282,4030
282,4031
282,4032
283,4033
283,4034
283,4035
283,4036
283,4037
283,4038
283,4039
283,4040
283,4041
283,4042
284,4043
284,4044
284,1750
284,946
284,4045
284,4046
284,4047
284,4048
284,2438
284,4049
284,4050
284,4051
284,752
284,4052
284,2103
284,1757
284,4053
284,4054
285,4055
285,1515
285,4056
285,4057
285,4058
285,4059
285,4060
285,2051
285,4061
285,4062
285,4063
285,909
285,4064
285,4065
285,4066
285,4067
285,4068
285,4069
286,4070
286,4071
286,4072
286,4073
286,818
286,4074
286,4075
286,2729
286,2099
286,508
286,938
286,4054
286,498
286,193
286,4076
286,4077
286,4078
286,613
287,1249
287,4079
287,4080
287,3956
287,4081
287,4082
287,480
287,4083
287,4084
287,1276
287,1270
287,4085
287,4086
287,4087
287,4088
287,4089
287,4090
287,4091
288,4092
288,4093
288,4094
288,4095
288,4096
288,4097
288,4098
288,4099
288,4100
288,4101
288,4102
288,4103
288,4104
288,4105
288,4106
288,4107
288,4108
288,4109
289,4110
289,4111
289,4112
289,4113
289,4114
289,4115
289,4116
289,4117
289,4118
289,4119
289,4120
289,4121
289,4122
289,4123
289,4124
289,4125
289,4126
289,4127
290,1935
290,4055
290,4128
290,2052
290,4129
290,4130
290,4131
290,4132
290,345
290,4133
290,4134
290,4135
290,4136
290,4137
290,936
290,4138
290,4139
290,943
291,3116
291,4140
291,4141
291,819
291,4142
291,4143
291,4144
291,4145
291,4146
291,2870
291,4147
291,4148
291,4149
291,4150
291,4151
291,4152
291,4153
291,4154
292,4155
292,4156
292,1031
292,4157
292,1029
292,4158
292,4159
292,4160
292,4161
292,4162
292,4163
292,4164
292,4165
292,1039
292,4166
292,4167
292,968
292,4168
293,4169
293,2899
293,4170
293,4171
293,4172
293,4173
293,4174
293,4175
293,4176
293,4177
293,4178
293,4179
293,4180
293,4181
293,4182
293,2908
293,4183
293,4184
294,3005
294,4185
294,4186
294,4187
294,4188
294,4110
294,4189
294,4190
294,4191
294,3009
294,4192
294,4111
294,4193
294,4194
294,4195
294,4196
294,4197
294,4198
295,4199
295,4200
295,4201
295,4202
295,4203
295,4204
295,4205
295,4206
295,4207
295,4208
295,4209
295,4210
295,4211
295,4212
295,4213
295,4214
295,4215
295,4216
296,2052
296,818
296,2051
296,4217
296,4218
296,4219
296,4220
296,4221
296,4222
296,4223
296,4224
296,4067
296,744
296,4225
296,4226
296,4227
296,4228
296,4229
297,4230
297,4231
297,4232
297,4233
297,2911
297,4234
297,4235
297,4236
297,4237
297,4238
297,4239
297,4240
297,4241
297,4242
297,4243
297,4244
297,4245
297,4246
298,1377
298,4247
298,4248
298,4249
298,1384
298,4250
298,1350
298,1347
298,519
298,4251
298,4252
298,4253
298,2942
298,4254
298,4255
298,541
298,4256
298,4257
299,22
299,21
299,20
299,30
299,2832
299,25
299,2825
299,19
299,2828
299,31
299,29
299,4258
299,4259
299,4260
299,4261
299,4262
299,4263
299,4264
300,4265
300,4266
300,656
300,4267
300,937
300,894
300,3054
300,350
300,4142
300,854
300,4268
300,4269
300,2934
300,955
300,4270
300,3059
300,2736
300,4271
301,4272
301,4273
301,4274
301,4275
301,4276
301,4277
301,4278
301,4279
301,4280
301,4281
301,4282
301,4283
301,2007
301,4284
301,4285
301,4286
301,4287
301,4288
302,3860
302,4289
302,4290
302,4291
302,4292
302,4293
302,4294
302,4295
302,4296
302,4297
302,4298
302,4299
302,4300
302,4301
302,4302
302,4303
302,4304
302,4305
303,4306
303,4307
303,4308
303,4309
303,4310
303,4311
303,4312
303,4313
303,2599
303,4314
303,4315
303,4316
303,4317
303,4318
303,4319
303,4320
303,4321
303,4322
304,4323
304,4189
304,4324
304,4325
304,4326
304,4327
304,4328
304,4113
304,4329
304,4330
304,4331
304,4332
304,4333
304,4334
304,4335
304,4118
304,4336
304,4337
305,2197
305,4338
305,2997
305,2999
305,892
305,1059
305,4339
305,4340
305,4341
305,4342
305,4343
305,4344
305,4048
305,4345
305,1972
305,4346
305,4347
305,4348
306,4265
306,743
306,2998
306,1461
306,4349
306,823
306,2934
306,4350
306,4351
306,4352
306,4353
306,4354
306,4355
306,901
306,3108
306,4356
306,4357
307,4358
307,4359
307,4360
307,4361
307,4362
307,4363
307,4364
307,4365
307,4366
307,4367
307,4368
307,4369
307,2883
307,4370
307,4371
307,4372
307,4373
307,4374
308,4375
308,1325
308,4376
308,4377
308,4378
308,4379
308,4380
308,4381
308,4382
308,4383
308,4384
308,4385
308,4386
308,4387
308,4388
308,4358
308,4389
308,4390
309,4391
309,4392
309,2155
309,4393
309,4394
309,4395
309,4396
309,4397
309,2161
309,4398
309,4399
309,4400
309,4401
309,2153
309,4402
309,2164
309,4403
309,4404
310,4405
310,4406
310,2761
310,2054
310,4407
310,4408
310,549
310,4409
310,4410
310,4411
310,4412
310,4413
310,4414
310,4415
310,4416
310,4417
310,4418
311,548
311,4419
311,2757
311,749
311,2444
311,857
311,2054
311,4420
311,4421
311,954
311,4422
311,4423
311,4424
311,4425
311,4426
311,4427
311,549
311,3912
312,4428
312,4429
312,4430
312,4072
312,4431
312,4432
312,4433
312,4434
312,2599
312,4435
312,4436
312,4437
312,4438
312,4439
312,4440
312,4441
312,4442
312,4443
313,4444
313,4445
313,4446
313,4447
313,4448
313,4449
313,4450
313,4451
313,4452
313,4453
313,4454
313,4455
313,4456
313,4457
313,4458
313,4459
313,4460
313,4461
314,4462
314,4445
314,4463
314,4464
314,4465
314,4466
314,4467
314,4468
314,4469
314,4470
314,4471
314,4472
314,4473
314,4474
314,4475
314,4476
314,4477
314,4478
315,4479
315,4480
315,829
315,4481
315,4482
315,4483
315,3089
315,4484
316,1344
316,1358
316,1357
316,4249
316,4485
316,517
316,1346
316,4486
316,532
316,4487
316,4488
316,4489
316,1380
316,4250
316,1350
316,4490
316,1345
316,1359
317,4491
317,2899
317,2243
317,4232
317,2160
317,4492
317,4493
317,4494
317,4495
317,4496
317,4497
317,4498
317,4499
317,4500
317,2165
317,2163
317,4501
317,4502
318,53
318,4503
318,4504
318,1427
318,52
318,4505
318,4506
318,4507
318,4508
318,4509
318,4510
319,4511
319,4512
319,4513
319,4514
319,4515
319,4516
319,4517
319,4518
319,4519
319,4520
319,4521
319,4522
319,4523
319,4524
319,4525
319,4526
319,4527
319,4528
320,946
320,4529
320,4530
320,199
320,4531
320,193
320,2110
320,344
320,4532
320,4533
320,4534
320,4535
320,4536
320,1011
320,4537
320,4538
320,4539
320,4540
321,4280
321,4282
321,4541
321,4542
321,4543
321,1432
321,4544
321,4545
321,4546
321,4547
321,4548
321,4549
321,4550
321,4551
321,4552
321,4553
321,4554
321,4555
322,4556
322,4557
322,4558
322,4559
322,4560
322,4561
322,4562
322,4563
322,4564
322,4565
322,4566
322,4567
322,4568
322,651
322,1464
322,4569
322,4570
322,4571
323,900
323,4572
323,4573
323,4574
323,196
323,550
323,4575
323,4267
323,1063
323,3062
323,907
323,2198
323,2110
323,4576
323,4577
323,4578
324,946
324,187
324,4579
324,4580
324,4581
324,4582
324,4583
324,1462
324,4584
324,204
324,4585
324,4586
324,4587
324,4588
324,4589
324,4590
324,909
324,4591
325,1460
325,901
325,4346
325,3058
325,1002
325,2119
325,4592
325,4593
325,3000
326,4594
326,4595
326,4596
326,4597
326,4598
326,4599
326,4600
326,4601
326,4602
326,4603
326,4604
326,4605
326,4606
326,4607
326,4608
326,4609
326,4610
326,4611
327,4612
327,4613
327,4614
327,4615
327,4616
327,4617
327,4618
327,4619
327,4620
327,4621
327,4622
327,4623
327,4624
327,4625
327,4626
327,4627
327,4628
327,4629
328,4630
328,4631
328,4632
328,4633
328,4634
328,4635
328,4636
328,4637
328,4638
328,4639
328,4640
328,4641
328,4642
328,4643
328,4644
328,4645
328,4646
328,4647
329,352
329,4648
329,4649
329,657
329,4650
329,4651
329,4652
329,4653
329,4654
329,4655
329,4656
329,2514
329,1129
329,4657
329,4658
329,4659
329,4660
329,4661
330,4662
330,3190
330,1566
330,3221
330,4663
330,4664
330,4665
330,4666
330,4667
330,4668
330,4669
330,4670
330,4671
330,4672
330,4673
330,4674
330,4675
330,4676
331,4677
331,1491
331,1492
331,4678
331,4679
331,4680
331,4681
331,4682
331,4683
331,4684
331,4685
331,4686
331,4687
331,4688
331,4689
331,4690
331,4691
331,4692
332,234
332,4693
332,4694
332,4695
332,4696
332,4697
332,4698
332,4699
332,4700
332,4701
332,4702
332,4703
332,4704
332,4705
332,4706
332,4707
332,4708
332,4709
333,2352
333,1489
333,2349
333,4710
333,4653
333,1532
333,4711
333,2419
333,4712
333,4713
333,4714
333,4715
333,4716
333,4717
333,4718
333,4719
333,4720
333,4721
334,4722
334,4723
334,4614
334,4724
334,4725
334,4726
334,4727
334,4728
334,4729
334,233
334,4730
334,4731
334,4732
334,4733
334,4734
334,4735
334,4736
334,4737
335,105
335,108
335,355
335,122
335,4738
335,110
335,113
335,3175
335,4739
335,4740
335,2401
335,1
335,2410
335,3342
335,120
335,4741
335,4742
335,4743
336,1615
336,4744
336,4745
336,4746
336,4747
336,4748
336,4749
336,4750
336,4751
336,4752
336,4753
336,4754
336,4755
336,4756
336,4757
336,4758
336,4759
336,4760
337,352
337,4761
337,2344
337,124
337,4762
337,4763
337,1162
337,4764
337,1086
337,4765
337,4766
337,4767
337,4768
337,4769
337,4770
337,4771
337,4772
337,4773
338,157
338,1083
338,4774
338,4775
338,4776
338,4777
338,4778
338,4779
338,4780
338,4781
338,4782
338,4783
338,4784
338,4785
338,4786
338,4787
338,4788
338,4789
339,3173
339,4790
339,4791
339,4792
339,4793
339,4794
339,4795
339,4796
339,4797
339,4798
339,4799
339,4800
339,4801
339,4802
339,4803
339,4804
339,4805
339,4806
340,4807
340,4808
340,3508
340,4809
340,4810
340,4811
340,4812
340,4813
340,4814
340,4815
340,4816
340,4817
340,136
340,4818
340,4819
340,4820
340,4821
340,4822
341,4823
341,4824
341,4825
341,4826
341,4827
341,4828
341,4829
341,4830
341,4831
341,4832
341,4833
341,4834
341,4835
341,4836
341,4837
341,4838
341,4839
341,4840
342,422
342,4841
342,1
342,1475
342,4842
342,4843
342,4844
342,4845
342,4846
342,4847
342,4848
342,4849
342,4850
342,4851
342,4852
342,4853
342,4854
342,4855
343,4072
343,4134
343,818
343,1393
343,347
343,4856
343,4857
343,4858
343,4859
343,4860
343,4861
343,4862
343,4863
343,4864
343,896
343,4865
344,234
344,4866
344,4867
344,4868
344,4869
344,4870
344,4871
344,4872
344,4873
344,4874
344,4875
344,4876
344,4877
344,4878
344,4879
344,3204
344,4880
344,4881
345,170
345,1131
345,4882
345,4883
345,4884
345,4885
345,4658
345,1690
345,4886
345,4887
345,4888
345,4889
345,4890
345,4891
345,4892
345,4893
345,4894
345,4895
346,4896
346,368
346,4897
346,4898
346,4899
346,4900
346,4901
346,4902
346,4903
346,4904
346,4905
346,4906
346,4907
346,4908
346,4909
346,4910
346,1700
346,4911
347,1125
347,1567
347,4912
347,4913
347,4914
347,4915
347,4916
347,3550
347,4917
347,4918
347,4919
347,4920
347,4921
347,4922
347,4923
347,4924
347,4925
347,4926
348,4927
348,4928
348,4929
348,4930
348,4931
348,4932
348,4933
348,4934
348,4935
348,4936
348,4937
348,4938
348,4939
348,4940
348,4941
348,4942
348,4943
348,4944
349,4945
349,4749
349,4946
349,4947
349,4948
349,4949
349,4950
349,3213
349,4951
349,4952
349,4953
349,4954
349,4955
349,4956
349,4957
349,4958
349,4959
349,4960
350,2334
350,1075
350,4961
350,4962
350,4963
350,4964
350,4965
350,4966
350,4967
350,4968
350,4969
350,4970
350,4971
350,4972
350,4973
350,4974
350,4975
350,4976
351,157
351,4977
351,675
351,3331
351,3361
351,4978
351,1701
351,4979
351,4980
351,680
351,4981
351,4982
351,4983
351,4984
351,4985
351,4986
351,4987
351,4988
352,1472
352,4790
352,3190
352,3478
352,2432
352,1141
352,4989
352,4990
352,4991
352,4992
352,4993
352,4994
352,4995
352,4996
352,4997
352,4998
352,4999
352,5000
353,232
353,764
353,763
353,762
353,760
353,761
353,765
353,766
353,767
353,768
353,769
353,770
353,771
353,772
353,773
353,774
353,775
353,776
354,5001
354,5002
354,5003
354,5004
354,5005
354,5006
354,5007
354,5008
354,5009
354,5010
354,5011
354,5012
354,5013
354,5014
354,5015
354,5016
354,5017
354,5018
355,5019
355,5020
355,1220
355,5021
355,1221
355,5022
355,1223
355,5023
355,5024
355,5025
355,5026
355,105
355,5027
355,5028
355,4761
355,5029
355,5030
355,5031
356,5032
356,5033
356,5034
356,5035
356,5036
356,5037
356,5038
356,5039
356,5040
356,5041
356,409
356,5042
356,5043
356,5044
356,5045
357,1067
357,1472
357,2400
357,5046
357,1157
357,715
357,5047
357,5048
357,5049
357,5050
357,5051
357,5052
357,5053
357,5054
357,5055
357,5056
357,5057
357,5058
358,4775
358,5059
358,5060
358,4711
358,5061
358,3209
358,4993
358,4683
358,5062
358,5063
358,5064
358,5065
358,5066
358,5067
358,3479
358,5068
358,5069
358,5070
359,726
359,5071
359,5072
359,2418
359,2416
359,741
359,5073
359,5074
359,5075
359,5076
359,5077
359,5078
359,5079
359,2387
359,5080
359,5081
359,5082
359,5083
360,5084
360,5085
360,5086
360,5087
360,5088
360,5089
360,5090
360,5091
360,1714
360,5092
360,5093
360,5094
360,5095
360,5096
360,5097
360,5098
360,5099
360,5100
361,5101
361,5102
361,1104
361,5103
361,5104
361,5105
361,5106
361,5107
361,5108
361,5109
361,5110
361,5111
361,5112
361,5113
361,5114
361,5115
361,5116
361,5117
362,5118
362,5119
362,5120
362,5121
362,5122
362,5123
362,5124
362,5125
362,5126
362,5127
362,5128
362,5129
362,5130
362,5131
362,5132
362,5133
362,5134
362,5135
363,1084
363,5136
363,5137
363,4868
363,5138
363,5139
363,5140
363,5141
363,5142
363,5143
363,5144
364,5145
364,5146
364,5147
364,5148
364,5149
364,5150
364,5151
364,5152
364,5153
364,5154
364,5155
364,5156
364,5157
364,5158
364,5159
364,5160
364,5161
364,5162
365,5163
365,5164
365,3630
365,5165
365,5166
365,5167
365,5168
365,3636
365,5169
365,5170
365,5171
365,5172
365,5173
365,5174
365,5175
365,5176
365,5177
365,5178
366,5179
366,5180
366,4724
366,1800
366,5181
366,5182
366,5183
366,5184
366,5185
366,5186
366,5187
366,5188
366,5189
366,5190
366,5191
366,5192
366,5193
366,5194
367,1084
367,1508
367,5195
367,5196
367,5197
367,5198
367,5199
367,5200
367,5201
367,5202
367,5203
367,5204
367,5205
367,5206
367,5207
367,5208
367,5209
367,5210
368,480
368,5211
368,5212
368,5213
368,5214
368,5215
368,1273
368,5216
368,5217
368,5218
368,5219
368,5220
368,5221
368,5222
368,5223
368,2680
368,2681
368,5224
369,422
369,424
369,5225
369,5226
369,426
369,5227
369,5228
369,434
369,5229
369,437
369,5230
369,5231
369,5232
369,5233
369,5234
369,439
369,5235
369,5236
370,5237
370,5238
370,5239
370,5240
370,5241
370,5242
370,5243
370,5244
370,5163
370,1836
370,5245
370,5246
370,5247
370,5248
370,5249
370,5250
370,5251
370,5252
371,5253
371,1834
371,5254
371,2651
371,5255
371,5256
371,5257
371,5258
371,5259
371,5260
371,5261
371,5262
371,5263
371,5264
371,5265
371,3532
371,5266
371,5267
372,18
372,5268
372,5269
372,30
372,5270
372,5271
372,5272
372,5273
372,5274
372,5275
372,5276
372,5277
372,3880
372,5278
372,5279
372,5280
372,5281
372,5282
373,1249
373,5283
373,5284
373,1250
373,1256
373,1264
373,3739
373,1254
374,2078
374,1936
374,5285
374,894
374,188
374,5286
374,5287
374,5288
374,5289
374,5290
374,5291
374,5292
374,5293
374,5294
374,5295
374,5296
375,5297
375,5298
375,5299
375,5300
375,5301
375,5302
375,5303
375,5304
375,5305
375,5306
375,5307
375,5308
375,5309
375,5310
376,2051
376,499
376,5311
376,4531
376,5312
376,5313
376,5314
376,5315
376,5316
376,5317
376,5318
376,4856
376,5319
377,5320
377,5321
377,5322
377,5323
377,5324
377,5325
377,5326
377,5327
377,5328
377,5329
377,5330
377,5331
377,5332
377,5333
377,5334
377,5335
377,5336
377,5337
378,1137
378,5338
378,5339
378,5340
378,5341
378,5342
378,5343
378,5344
378,5345
378,5346
378,5347
378,5348
378,5349
378,5350
378,5351
378,5352
378,5353
378,5354
380,5355
380,5356
380,5357
380,5358
380,5359
380,5360
380,5361
380,5362
380,5363
380,5364
380,5365
380,5366
380,5367
380,5368
380,5369
380,5370
380,5371
380,5372
381,1782
381,5373
381,5374
381,5375
381,5376
381,5377
381,5378
381,5379
381,5380
381,5381
381,5382
381,5383
381,5384
381,5385
381,5386
381,5387
381,5388
381,5389
382,1249
382,1263
382,480
382,4079
382,5390
382,1254
382,5391
382,1250
382,5392
382,5393
382,1253
382,5394
382,1266
382,5395
382,2048
382,5396
382,2680
382,1271
384,5397
384,5398
384,5399
384,5400
384,5401
384,5402
384,5403
384,5404
384,5405
384,5406
384,5407
384,5408
384,5409
384,5410
384,5411
384,5412
384,5413
384,5414
385,5415
385,5416
385,5417
385,5418
385,829
385,656
385,747
385,5419
385,5420
385,3118
385,5421
385,5422
385,5423
385,5424
385,2442
385,5425
385,5426
385,5427
386,5428
386,3105
386,5429
386,5430
386,5431
386,2874
386,5432
386,2599
386,5433
386,5434
386,5435
386,5436
386,5437
386,5438
386,5439
386,5440
386,5441
386,5442
387,3476
387,5443
387,5444
387,5445
387,5446
387,5447
387,5448
387,5449
387,5450
387,5451
387,5452
387,5453
387,5454
387,3429
387,5455
388,5456
388,5457
388,5458
388,5459
388,5460
388,5461
388,5462
388,5463
388,5464
388,5465
388,5466
388,5467
388,5468
388,5469
388,5470
389,5471
389,5472
389,5473
389,5474
389,5475
389,5476
389,5477
389,5478
389,5479
389,5480
389,5481
389,5482
389,5483
389,5484
389,5485
389,5486
389,5487
389,5488
390,5489
390,4296
390,5490
390,5491
390,5492
390,2869
390,5493
390,5494
390,5495
390,5496
390,5497
390,5498
390,5499
390,5500
390,5501
390,5502
390,5503
390,5504
391,5505
391,5506
391,5507
391,5508
391,5509
391,5510
391,5511
391,5512
391,5513
391,5514
391,5515
391,5516
391,5517
391,5518
391,5519
391,5520
391,5521
391,5522
392,1851
392,5523
392,5524
392,5525
392,1894
392,5526
392,5527
392,1853
392,1897
392,5528
392,5529
392,5530
392,5531
392,5532
392,5533
392,5534
392,5535
392,5536
393,5537
393,5538
393,5539
393,5540
393,5541
393,5542
393,5543
393,5544
393,5545
393,5546
393,5547
393,5548
393,5549
393,5550
393,5551
393,5552
393,5553
393,5554
394,5555
394,5556
394,5557
394,5558
394,5559
394,5560
394,5561
394,5562
394,5563
394,5564
394,5565
394,5566
394,5567
394,5568
394,5569
394,5570
394,5571
394,5572
395,5573
395,5574
395,5575
395,5576
395,5577
395,5578
395,5579
395,5580
395,5581
395,5582
395,5583
395,5584
395,5585
395,5586
395,5587
395,5588
396,5589
396,5590
396,5591
396,5592
396,5593
396,5594
396,5595
396,5596
396,5597
396,5598
396,5599
396,5600
396,5601
396,5602
396,5603
396,5604
396,5605
396,5606
397,5607
397,5608
397,5609
397,1801
397,5610
397,5611
397,5612
397,5613
397,5614
397,5615
397,5616
397,1980
397,5617
397,5618
397,5619
397,5620
397,5621
397,1804
398,3835
398,819
398,5622
398,5623
398,5624
398,902
398,5625
398,5626
398,5627
398,5628
398,5629
398,5630
398,5631
398,5632
398,5633
398,5634
398,5635
398,5636
399,5415
399,5418
399,5637
399,5421
399,5638
399,5427
399,829
399,5639
399,5424
399,5640
399,5641
399,5422
399,3093
399,5423
399,5642
399,5643
399,5419
399,644
400,3089
400,2107
400,829
400,5644
400,5645
400,5646
400,5647
400,5648
400,3096
400,5649
400,5650
400,5651
400,5652
400,3094
400,5653
400,5654
400,5655
400,5656
401,5657
401,5658
401,819
401,3105
401,4362
401,5659
401,5660
401,5661
401,5662
401,5663
401,5664
401,5665
401,5666
401,5667
401,5668
401,5440
401,5669
401,5670
402,5671
402,5672
402,5673
402,5674
402,5675
402,5676
402,5677
402,5678
402,5679
402,5680
402,4158
402,5681
402,5682
402,5683
402,5684
402,5685
402,5686
402,5687
403,5688
403,5689
403,5690
403,5691
403,5692
403,5693
403,5694
403,5695
403,5696
403,5697
403,5698
403,5699
403,5700
403,5701
403,5702
403,5703
403,5704
403,5705
404,3461
404,1474
404,5706
404,5707
404,5708
404,5196
404,5709
404,162
404,5710
404,5711
404,5712
404,5713
404,5714
404,5715
404,5716
404,5717
404,5718
404,5719
405,4140
405,5720
405,5721
405,5722
405,5723
405,5724
405,5725
405,5726
405,5727
405,5728
405,5729
405,5730
405,5731
405,5732
405,5733
405,3758
405,5734
405,5735
406,5671
406,5736
406,5737
406,5738
406,5739
406,5740
406,5741
406,5742
406,5743
406,5744
406,5745
406,5746
406,5747
406,2018
406,5748
406,5749
406,5750
406,5751
407,5752
407,5489
407,5753
407,5754
407,5755
407,5756
407,4358
407,4394
407,5757
407,5758
407,5759
407,5760
407,5761
407,5762
407,5763
407,5764
407,5765
407,5766
408,5767
408,5768
408,5769
408,5770
408,5771
408,5772
408,5773
408,5774
408,4461
408,5775
408,5776
408,5777
408,5778
408,5779
408,5780
408,5781
408,5782
408,5783
409,5784
409,5785
409,5786
409,5787
409,5788
409,5789
409,5790
409,5791
409,5792
409,5793
409,5794
409,5795
409,5796
409,5797
409,5798
409,1882
409,5799
409,5800
410,5801
410,5802
410,5803
410,5804
410,2080
410,5805
410,894
410,5806
410,5807
410,798
410,5808
410,5809
410,645
410,5810
410,5811
410,5812
410,5813
410,5814
411,5815
411,5816
411,5817
411,5818
411,5819
411,5820
411,5821
411,5822
411,5823
411,5824
411,5825
411,5826
411,5827
411,5828
411,5829
411,5830
411,5831
411,5832
412,548
412,2052
412,2927
412,5805
412,5833
412,1966
412,3829
412,5834
412,5835
412,5836
412,5837
412,5838
412,5839
412,5840
412,5841
412,5842
412,5843
412,5844
413,2555
413,5845
413,5846
413,5847
413,5848
413,5849
413,5850
413,5851
413,5852
413,5853
413,5854
413,5855
413,5856
413,5857
414,5858
414,5859
414,5860
414,5861
414,5862
414,5863
414,5864
414,5865
414,5866
414,5867
414,5868
414,5869
414,5870
415,5871
415,5872
415,5873
415,5874
415,5875
415,5876
415,5877
415,5878
415,5879
415,5880
415,5881
415,5882
415,5883
415,5884
415,5885
415,5886
415,5887
415,5888
416,5889
416,5890
416,5891
416,5892
416,5893
416,5894
416,5895
416,5896
416,5897
416,5898
416,5899
416,5900
416,5901
416,5902
416,5903
416,5904
416,5905
416,5906
417,5907
417,2927
417,5908
417,5909
417,5910
417,656
417,5911
417,3024
417,5912
417,5913
417,5914
417,2087
417,2956
417,650
417,4151
417,5915
417,5916
417,5917
418,5918
418,5919
418,5920
418,5921
418,5922
418,3806
418,5923
418,5924
418,5925
418,3791
418,5926
419,5927
419,5928
419,5929
419,5930
419,5931
419,5932
419,5933
419,5934
419,5935
419,5936
419,5937
419,5938
419,5939
419,5940
420,3682
420,5941
420,5942
420,5943
420,5944
420,5945
420,5946
420,3689
420,5947
420,5948
420,5949
420,5950
420,5951
420,5952
420,5953
420,5954
420,5955
420,5956
421,5957
421,5958
421,5959
421,5960
421,5961
421,5962
421,5963
421,5964
421,5965
421,5966
421,5967
421,5968
421,5969
421,5970
421,5971
421,5972
421,5973
421,5974
422,5975
422,5976
422,5977
422,5978
422,5979
422,5980
422,5981
422,5982
422,5983
422,5984
422,5985
422,5986
422,5987
422,5988
422,5989
422,5990
422,5991
422,5992
423,5993
423,5994
423,5995
423,5996
423,5997
423,5998
423,5999
423,6000
423,6001
423,6002
423,6003
423,6004
423,6005
423,6006
423,6007
423,6008
423,6009
423,6010
424,484
424,6011
424,6012
424,3960
424,6013
424,6014
424,6015
424,1270
424,6016
424,6017
424,6018
424,6019
424,6020
424,6021
424,6022
424,6023
424,6024
424,6025
425,6026
425,6027
425,6028
425,5718
425,6029
425,6030
425,6031
425,6032
425,6033
425,6034
425,6035
425,6036
425,6037
425,6038
425,6039
425,6040
425,6041
425,6042
426,900
426,548
426,2079
426,986
426,787
426,6043
426,2733
426,829
426,825
426,1968
426,6044
426,745
426,6045
426,6046
426,6047
426,6048
426,6049
426,2957
427,6050
427,6051
427,6052
427,6053
427,6054
427,6055
427,6056
427,6057
427,6058
427,6059
427,6060
427,6061
427,6062
427,6063
427,6064
427,6065
427,6066
427,6067
428,4410
428,6068
428,6069
428,6070
428,6071
428,6072
428,6073
428,6074
428,2444
428,6075
428,6076
428,6077
428,6078
428,6079
428,6080
429,2530
429,6081
429,6082
429,6083
429,6084
429,6085
429,6086
429,6087
429,6088
429,2822
429,6089
429,6090
429,6091
429,6092
429,6093
429,6094
429,6095
429,6096
430,6097
430,6098
430,6099
430,6100
430,6101
430,6102
430,6103
430,6104
430,6105
430,6106
430,6107
430,6108
430,6109
430,6110
430,6111
431,6112
431,6113
431,6114
431,6115
431,6116
431,6117
431,6118
431,6119
431,6120
431,6121
431,6122
431,6123
431,6124
431,6125
431,6126
431,6127
431,6128
431,6129
432,6130
432,6131
432,6132
432,6133
432,6134
432,6135
432,6136
432,6137
432,6138
432,6139
432,6140
432,6141
432,6142
432,6143
432,6144
432,6145
432,6146
432,6147
434,6148
434,6149
434,1931
434,6150
434,6151
434,6152
434,6153
434,6154
434,6155
434,6156
434,6157
434,6158
434,6159
434,6160
434,6161
434,6162
434,6163
434,6164
435,6165
435,1106
435,6166
435,1104
435,3519
435,6167
435,2668
435,6168
435,6169
435,6170
435,6171
435,6172
435,6173
435,6174
435,6175
435,6176
435,6177
435,6178
436,6179
436,6180
436,6181
436,6182
436,6183
436,6184
436,6185
436,6186
436,6187
436,6188
436,6189
436,6190
436,6191
436,6192
436,6193
436,6194
436,6195
436,6196
437,352
437,6197
437,6198
437,6199
437,6200
437,6201
437,6202
437,6203
437,6204
437,6205
437,6206
437,6207
437,6208
437,6209
437,6210
437,6211
437,6212
437,6213
438,853
438,6214
438,6215
438,6216
438,865
438,1318
438,829
438,6217
438,6218
438,6219
438,6220
438,6221
438,1316
438,6222
438,6223
438,6224
438,6225
438,6226
439,6227
439,6228
439,6229
439,6230
439,6231
439,6232
439,6233
439,6234
439,6235
439,6236
439,6237
439,6238
440,6239
440,6240
440,2712
440,2720
440,6241
440,6242
440,6243
440,6244
440,6245
440,6246
440,6247
440,6248
440,6249
440,6250
440,6251
440,6252
440,6253
440,6254
441,6255
441,6256
441,6257
441,6258
441,6259
441,6260
441,6261
441,6262
441,6263
441,6264
441,6265
441,6266
441,6267
441,6268
441,6269
441,6270
441,6271
441,6272
442,777
442,6273
442,6274
442,6275
442,6276
442,6277
442,6278
442,6279
442,6280
442,6281
442,6282
442,6283
442,6284
443,2437
443,6285
443,6286
443,6287
443,4133
443,2934
443,6288
443,6289
443,6290
443,2872
443,6291
443,6292
443,6293
443,6294
443,6295
443,5729
443,6296
443,2783
444,2166
444,6297
444,6298
444,6299
444,2796
444,6300
444,6301
444,6302
444,6303
445,6304
445,6305
445,6306
445,6307
445,2085
445,758
445,6308
445,6309
445,6310
445,6311
445,6312
445,891
445,6313
445,6314
445,6315
445,6316
446,6317
446,6318
446,6319
446,6320
446,6321
446,6322
446,6323
446,6324
446,6325
446,6326
446,6327
446,6328
446,6329
446,6330
446,6331
446,6332
446,6333
446,6334
447,5733
447,6335
447,6336
447,6337
447,5721
447,2868
447,3758
447,6338
447,6339
447,6340
447,4482
447,6341
447,6342
447,6343
447,6344
447,6345
447,6346
447,6347
448,6348
448,6349
448,6350
448,6351
448,6352
448,6353
448,6354
448,6355
448,6356
448,6357
448,6358
448,6359
448,6360
448,6361
448,6362
448,6363
448,6364
448,6365
449,6366
449,6367
449,5736
449,6368
449,6369
449,6370
449,6371
449,6372
449,6373
449,6374
449,6375
449,6376
449,6377
449,6378
449,6379
449,6380
449,6381
449,6382
450,6383
450,6384
450,6385
450,6386
450,6387
450,6388
450,6389
450,6390
450,6391
450,6392
450,6393
450,6394
450,6395
450,6396
450,6397
450,6398
450,6399
450,6400
451,2293
452,6401
452,6402
452,6403
452,6404
452,6405
452,6406
452,6407
452,6408
452,6409
452,6410
452,6411
452,6412
452,6413
452,6414
452,6415
452,6416
452,6417
452,6418
453,6419
453,6420
453,6421
453,6422
453,1294
453,6423
453,6424
453,6425
453,6426
453,6427
453,6428
453,2874
453,6429
453,6430
453,6431
453,6432
453,6433
453,6434
454,6435
454,6436
454,6437
454,6438
454,6439
454,6440
454,6441
454,6442
454,6443
454,6444
454,6445
454,6446
454,6447
454,6448
454,6449
454,6450
454,6451
454,6452
455,6453
455,6454
455,5740
455,6455
455,6456
455,6457
455,6458
455,6459
455,6460
455,6461
455,5672
455,6462
455,6463
455,6464
455,6465
455,6375
455,6466
455,5682
456,6467
456,6468
456,6469
456,6470
456,6471
456,6472
456,6473
456,6474
456,6475
456,6476
456,6477
456,6478
456,6479
456,6480
456,6481
456,6482
456,6483
456,6484
457,1283
457,2617
457,6485
457,6486
457,6487
457,6488
457,6489
457,6490
457,6491
457,6492
457,6493
457,6494
457,6495
457,6496
457,6497
457,6498
457,6499
457,6500
458,997
458,2197
458,5805
458,6501
458,956
458,6502
458,3000
458,2757
458,6503
458,894
458,6504
458,6505
458,953
458,4341
458,656
458,6506
458,6507
458,6508
459,6509
459,5917
459,6510
459,6511
459,2087
459,1946
459,6512
459,6513
459,6514
459,6515
459,2956
459,4151
459,6516
459,6517
459,6518
459,6519
459,3024
459,6520
460,6521
460,6522
460,6523
460,6524
460,6525
460,6526
460,6527
460,6528
460,6529
460,6530
460,6531
460,6532
460,6533
460,6534
460,6535
460,6536
460,6537
460,6538
461,743
461,901
461,6539
461,6540
461,6541
461,6542
461,6543
461,6544
461,6545
461,6546
461,6547
461,1945
461,6548
461,6549
461,6550
461,6551
461,6552
461,6553
462,6554
462,6555
462,6556
462,6557
462,6558
462,6559
462,6560
462,6561
462,6562
462,6563
462,6564
462,6565
462,6566
462,6567
462,6568
462,6569
462,6570
462,6571
463,856
463,3089
463,865
463,5648
463,6572
463,5646
463,6573
463,5647
463,6574
463,6575
463,6576
464,639
464,615
464,6577
464,6578
464,2792
464,6579
464,5910
464,6580
464,6581
464,6582
464,5914
464,3056
464,6583
464,6584
464,6585
464,6586
464,6587
464,6588
465,1460
465,4572
465,854
465,4346
465,6589
465,196
465,3000
465,6590
465,1006
465,2757
465,6591
465,2199
465,1001
465,6592
466,6593
466,6594
466,6595
466,6596
466,6597
466,6598
466,6569
466,6599
466,6600
466,6601
466,6558
466,6567
466,6568
466,6602
466,6603
466,6604
466,6605
466,6606
467,6607
467,6608
467,3005
467,4324
467,3015
467,6609
467,6610
467,4186
467,3006
467,6611
467,6612
467,6613
467,6614
467,6615
467,6616
467,6617
467,6618
467,6619
469,2166
469,857
469,6620
469,894
469,807
469,748
469,2444
469,1004
469,891
469,6621
469,6622
469,1966
469,1968
469,827
469,6623
469,6624
469,1759
469,3064
470,6625
470,6626
470,6627
470,6628
470,6629
470,6630
470,6631
470,6632
470,6633
470,6634
471,2166
471,6635
471,656
471,6636
471,4575
471,6637
471,6638
471,646
471,645
471,6639
471,6640
471,6641
471,6642
471,6643
471,6644
471,6583
471,4348
471,6645
472,6646
472,800
472,2928
472,6647
472,6648
472,6649
472,5286
472,6650
472,6651
472,6652
472,805
472,6653
473,1935
473,189
473,193
473,4131
473,6654
473,197
473,3968
473,750
473,345
473,6655
473,4133
473,6656
473,6657
473,6658
473,6659
473,6660
473,5909
473,6661
474,6662
474,6663
474,6664
474,6665
474,6666
474,6667
474,6668
474,6669
474,6670
474,6671
475,6672
475,6611
475,3006
475,6673
475,4185
475,4333
475,4111
475,6609
475,6674
475,4189
475,6675
475,4324
475,4110
475,3017
475,6676
475,4118
475,4119
475,4186
476,6677
476,6678
476,6679
476,6680
476,6681
476,6682
476,6683
476,6684
476,3007
476,6685
476,6686
476,6687
476,6688
476,6689
476,6690
476,6691
476,6692
476,6693
477,1460
477,1961
477,656
477,6694
477,6695
477,6696
477,645
477,4346
477,6697
477,646
477,2116
477,6698
477,6699
477,1969
477,3028
477,6700
477,6701
477,6702
478,6703
478,273
478,6704
478,6705
478,6706
478,6707
478,6708
478,6709
478,6710
478,6711
478,6712
478,6713
478,6714
478,6715
478,6716
478,6717
478,6718
478,6719
479,6720
479,6721
479,6722
479,6723
479,6724
479,6725
479,6726
479,6727
479,6728
479,6729
479,6730
479,6731
479,6732
479,6733
479,6734
479,6735
479,6736
479,6737
480,6738
480,6739
480,5911
480,6740
480,1946
480,6642
480,6741
480,6742
480,6743
480,6744
480,6745
480,6746
480,6747
480,6748
480,6749
480,6750
480,6751
480,6752
481,6753
481,6754
481,6755
481,6756
481,6757
481,6758
481,6759
481,6760
481,6761
481,6762
481,6763
481,5444
481,6764
481,6765
481,6766
481,6767
481,6768
481,6769
482,6770
482,6771
482,6772
482,5728
482,6773
482,6774
482,6775
482,6776
482,6777
482,939
482,6778
483,6779
483,1961
483,6780
483,656
483,6781
483,6636
483,894
483,6638
483,6782
483,5915
483,6512
483,6622
483,6783
483,646
483,6637
483,651
483,4343
483,645
484,6784
484,6785
484,6786
484,6787
484,6788
484,6789
484,6790
484,6791
484,6792
484,6793
484,6794
484,6795
484,6796
484,6797
484,6798
484,6799
484,6800
484,6801
485,6802
485,6803
485,6804
485,6805
485,6806
485,6710
485,6807
485,6808
485,6809
485,6810
485,6811
485,6812
485,6813
485,6814
485,6815
485,6816
485,6817
485,6818
486,4265
486,5803
486,3907
486,894
486,6819
486,6072
486,749
486,1941
486,6820
486,6643
486,6700
486,6821
486,6822
486,907
486,6823
486,6824
486,6825
486,6826
487,548
487,3829
487,1966
487,1968
487,6827
487,6828
487,6829
487,6830
487,6831
487,348
487,6832
488,853
488,1937
488,6833
488,829
488,3094
488,3096
488,6834
488,6835
488,6836
488,6837
488,6838
488,6839
488,6840
488,6841
488,6842
488,6843
488,6844
488,6845
489,6846
489,317
489,6847
489,207
489,6848
489,6849
489,6850
489,6851
489,6852
489,6853
489,6854
489,6855
489,6856
489,6857
489,6858
489,6859
489,6860
489,2070
490,1328
490,6861
490,1332
490,4376
490,6862
490,6863
490,6864
490,6865
490,1326
490,6866
490,6867
490,6868
490,6869
490,6870
490,6871
490,6872
490,6873
490,6874
491,6875
491,6876
491,6877
491,6878
491,6879
491,6880
491,6881
491,6882
491,6883
491,6884
491,6885
491,6886
491,6887
492,6888
492,6889
492,6890
492,6891
492,6892
492,4648
492,6893
492,6894
492,6895
492,6896
492,6897
492,6898
492,6899
492,3140
493,3744
493,6900
493,6901
493,6902
493,6903
493,6904
493,6905
493,6906
493,6907
493,6908
493,6909
493,6910
493,6911
493,6912
493,6913
493,6914
493,6915
493,6916
494,6917
494,5064
494,172
494,6918
494,6919
494,6920
494,6921
494,6922
494,6923
494,6924
494,6925
494,6926
494,6927
494,6928
494,6929
494,6930
494,2354
494,6931
495,6932
495,6933
495,6934
495,6935
495,123
495,4693
495,6936
495,6937
495,6938
495,6939
495,1508
495,377
495,6940
495,6941
495,6942
495,6943
495,4679
495,6944
496,1615
496,6945
496,6946
496,6947
496,6948
496,6949
496,6950
496,6951
496,6952
496,6953
496,6954
496,6955
496,6956
496,6957
496,6958
496,6959
496,6960
496,6961
497,356
497,6962
497,6963
497,2467
497,6964
497,6965
497,6966
497,6967
497,6968
497,6969
497,6970
497,6971
497,6972
497,6973
497,6974
497,6975
497,6976
497,6977
498,3158
498,6978
498,6979
498,6980
498,6981
498,6982
498,6983
498,6984
498,6985
498,6986
498,6987
498,6988
498,6989
498,6990
498,6991
498,6992
498,6993
498,6994
499,726
499,4739
499,6995
499,2461
499,6996
499,763
499,6997
499,6998
499,2363
499,6999
499,7000
499,7001
499,7002
499,7003
499,7004
499,7005
499,7006
499,7007
145,7008
145,1282
145,4358
145,5728
145,6491
145,6493
145,1285
145,7009
145,828
145,5883
145,2881
145,7010
145,7011
145,7012
145,7013
145,7014
145,7015
145,7016
379,7017
379,7018
379,7019
379,7020
379,7021
379,7022
379,7023
379,7024
379,7025
379,7026
379,7027
379,7028
379,7029
379,7030
379,7031
379,7032
379,7033
379,7034
383,7035
383,7036
383,7037
383,7038
383,7039
383,7040
383,7041
383,7042
383,7043
383,7044
383,7045
383,7046
383,7047
383,7048
383,7049
383,7050
383,7051
383,7052
433,5671
433,7053
433,7054
433,7055
433,5737
433,7056
433,7057
433,7058
433,7059
433,7060
433,7061
433,7062
433,7063
433,7064
433,7065
433,7066
433,2075
433,7067
